date,ticker,company_name,layer,daily_return,benchmark_return,relative_move,signal_type,rank
2026-01-26,ZM,Zoom,Application,11.28,0.5,10.78,Leader,1
2026-01-26,NET,Cloudflare,Platform,9.17,0.5,8.67,Leader,2
2026-01-26,ANET,Arista Networks,Compute,5.41,0.5,4.91,Leader,3
2026-01-26,TEAM,Atlassian,Platform,5.08,0.5,4.58,Leader,4
2026-01-26,DDOG,Datadog,Platform,5.0,0.5,4.5,Leader,5
2026-01-26,GTLB,GitLab,Platform,4.92,0.5,4.42,Leader,6
2026-01-26,ESTC,Elastic,Platform,4.71,0.5,4.21,Leader,7
2026-01-26,TWLO,Twilio,Platform,4.42,0.5,3.92,Leader,8
2026-01-26,AKAM,Akamai Technologies,Platform,3.77,0.5,3.26,Leader,9
2026-01-26,CRWD,CrowdStrike,Application,3.5,0.5,3.0,Leader,10
2026-01-26,GFS,GlobalFoundries,Compute,3.2,0.5,2.7,Leader,11
2026-01-26,MDB,MongoDB,Platform,3.15,0.5,2.65,Leader,12
2026-01-26,ORCL,Oracle,Platform,2.98,0.5,2.48,Leader,13
2026-01-26,NOW,ServiceNow,Platform,2.43,0.5,1.93,Leader,14
2026-01-26,ZS,Zscaler,Application,2.35,0.5,1.85,Leader,15
2026-01-26,META,Meta,Platform,2.06,0.5,1.56,Leader,16
2026-01-26,MRVL,Marvell Technology,Compute,1.92,0.5,1.42,Leader,17
2026-01-26,HUBS,HubSpot,Application,1.92,0.5,1.42,Leader,18
2026-01-26,ASML,ASML,Compute,1.75,0.5,1.25,Leader,19
2026-01-26,GOOGL,Alphabet,Platform,1.63,0.5,1.12,Leader,20
2026-01-26,U,Unity Software,Application,1.56,0.5,1.06,Leader,21
2026-01-26,HPE,Hewlett Packard Enterprise,Compute,1.52,0.5,1.02,Leader,22
2026-01-26,AVGO,Broadcom,Compute,1.5,0.5,1.0,Leader,23
2026-01-26,IBM,IBM,Platform,1.33,0.5,0.83,Leader,24
2026-01-26,ADBE,Adobe,Application,1.21,0.5,0.71,Leader,25
2026-01-26,CDNS,Cadence Design Systems,Compute,1.16,0.5,0.66,Leader,26
2026-01-26,MSFT,Microsoft,Platform,0.93,0.5,0.43,Leader,27
2026-01-26,ADSK,Autodesk,Application,0.87,0.5,0.37,Leader,28
2026-01-26,WDAY,Workday,Application,0.84,0.5,0.34,Leader,29
2026-01-26,SNOW,Snowflake,Platform,0.75,0.5,0.25,Leader,30
2026-01-26,PATH,UiPath,Application,0.74,0.5,0.24,Leader,31
2026-01-26,CRM,Salesforce,Application,0.59,0.5,0.09,Leader,32
2026-01-26,OKTA,Okta,Platform,0.58,0.5,0.08,Leader,33
2026-01-26,INTC,Intel,Compute,-5.72,0.5,-6.23,Laggard,1
2026-01-26,AMD,AMD,Compute,-3.22,0.5,-3.72,Laggard,2
2026-01-26,SMCI,Super Micro Computer,Compute,-2.84,0.5,-3.34,Laggard,3
2026-01-26,DUOL,Duolingo,Application,-2.83,0.5,-3.33,Laggard,4
2026-01-26,MU,Micron,Compute,-2.64,0.5,-3.14,Laggard,5
2026-01-26,ON,ON Semiconductor,Compute,-1.37,0.5,-1.87,Laggard,6
2026-01-26,PLTR,Palantir,Platform,-1.26,0.5,-1.76,Laggard,7
2026-01-26,SHOP,Shopify,Application,-1.15,0.5,-1.65,Laggard,8
2026-01-26,QCOM,Qualcomm,Compute,-0.83,0.5,-1.33,Laggard,9
2026-01-26,TSM,TSMC,Compute,-0.65,0.5,-1.15,Laggard,10
2026-01-26,NVDA,NVIDIA,Compute,-0.64,0.5,-1.14,Laggard,11
2026-01-26,INTU,Intuit,Application,-0.39,0.5,-0.89,Laggard,12
2026-01-26,AMZN,Amazon,Platform,-0.31,0.5,-0.81,Laggard,13
2026-01-26,CFLT,Confluent,Platform,-0.07,0.5,-0.57,Laggard,14
2026-01-26,SNPS,Synopsys,Compute,0.32,0.5,-0.18,Laggard,15
2026-01-26,DOCU,DocuSign,Application,0.35,0.5,-0.15,Laggard,16
2026-01-26,DELL,Dell Technologies,Compute,0.43,0.5,-0.07,Laggard,17
2026-01-23,NOW,ServiceNow,Platform,3.54,0.03,3.51,Leader,1
2026-01-23,MSFT,Microsoft,Platform,3.28,0.03,3.25,Leader,2
2026-01-23,INTU,Intuit,Application,2.97,0.03,2.94,Leader,3
2026-01-23,TEAM,Atlassian,Platform,2.58,0.03,2.54,Leader,4
2026-01-23,AMD,AMD,Compute,2.35,0.03,2.31,Leader,5
2026-01-23,TSM,TSMC,Compute,2.29,0.03,2.26,Leader,6
2026-01-23,PLTR,Palantir,Platform,2.23,0.03,2.2,Leader,7
2026-01-23,AMZN,Amazon,Platform,2.06,0.03,2.02,Leader,8
2026-01-23,META,Meta,Platform,1.72,0.03,1.69,Leader,9
2026-01-23,NVDA,NVIDIA,Compute,1.53,0.03,1.5,Leader,10
2026-01-23,TWLO,Twilio,Platform,1.49,0.03,1.45,Leader,11
2026-01-23,DUOL,Duolingo,Application,1.48,0.03,1.45,Leader,12
2026-01-23,ZM,Zoom,Application,1.33,0.03,1.3,Leader,13
2026-01-23,HUBS,HubSpot,Application,1.03,0.03,0.99,Leader,14
2026-01-23,ZS,Zscaler,Application,0.63,0.03,0.6,Leader,15
2026-01-23,WDAY,Workday,Application,0.57,0.03,0.54,Leader,16
2026-01-23,MU,Micron,Compute,0.52,0.03,0.49,Leader,17
2026-01-23,U,Unity Software,Application,0.5,0.03,0.47,Leader,18
2026-01-23,ADBE,Adobe,Application,0.45,0.03,0.41,Leader,19
2026-01-23,CDNS,Cadence Design Systems,Compute,0.39,0.03,0.36,Leader,20
2026-01-23,SHOP,Shopify,Application,0.18,0.03,0.15,Leader,21
2026-01-23,NET,Cloudflare,Platform,0.08,0.03,0.05,Leader,22
2026-01-23,ADSK,Autodesk,Application,0.09,0.03,0.05,Leader,23
2026-01-23,CFLT,Confluent,Platform,0.07,0.03,0.03,Leader,24
2026-01-23,INTC,Intel,Compute,-17.03,0.03,-17.06,Laggard,1
2026-01-23,GFS,GlobalFoundries,Compute,-4.79,0.03,-4.82,Laggard,2
2026-01-23,MRVL,Marvell Technology,Compute,-3.45,0.03,-3.49,Laggard,3
2026-01-23,GTLB,GitLab,Platform,-2.73,0.03,-2.76,Laggard,4
2026-01-23,SMCI,Super Micro Computer,Compute,-2.31,0.03,-2.34,Laggard,5
2026-01-23,PATH,UiPath,Application,-2.31,0.03,-2.34,Laggard,6
2026-01-23,AKAM,Akamai Technologies,Platform,-2.01,0.03,-2.04,Laggard,7
2026-01-23,ON,ON Semiconductor,Compute,-1.73,0.03,-1.76,Laggard,8
2026-01-23,AVGO,Broadcom,Compute,-1.67,0.03,-1.7,Laggard,9
2026-01-23,SNPS,Synopsys,Compute,-1.59,0.03,-1.62,Laggard,10
2026-01-23,ANET,Arista Networks,Compute,-1.5,0.03,-1.53,Laggard,11
2026-01-23,DELL,Dell Technologies,Compute,-1.49,0.03,-1.52,Laggard,12
2026-01-23,MDB,MongoDB,Platform,-1.47,0.03,-1.5,Laggard,13
2026-01-23,HPE,Hewlett Packard Enterprise,Compute,-1.45,0.03,-1.48,Laggard,14
2026-01-23,QCOM,Qualcomm,Compute,-1.25,0.03,-1.29,Laggard,15
2026-01-23,DDOG,Datadog,Platform,-0.85,0.03,-0.89,Laggard,16
2026-01-23,GOOGL,Alphabet,Platform,-0.79,0.03,-0.82,Laggard,17
2026-01-23,OKTA,Okta,Platform,-0.77,0.03,-0.8,Laggard,18
2026-01-23,IBM,IBM,Platform,-0.76,0.03,-0.79,Laggard,19
2026-01-23,SNOW,Snowflake,Platform,-0.68,0.03,-0.71,Laggard,20
2026-01-23,ORCL,Oracle,Platform,-0.57,0.03,-0.61,Laggard,21
2026-01-23,ASML,ASML,Compute,-0.43,0.03,-0.46,Laggard,22
2026-01-23,CRWD,CrowdStrike,Application,-0.28,0.03,-0.31,Laggard,23
2026-01-23,DOCU,DocuSign,Application,-0.07,0.03,-0.1,Laggard,24
2026-01-23,ESTC,Elastic,Platform,-0.03,0.03,-0.06,Laggard,25
2026-01-23,CRM,Salesforce,Application,-0.02,0.03,-0.05,Laggard,26
2025-12-31,TSM,TSMC,Compute,1.44,-0.74,2.17,Leader,1
2025-12-31,CFLT,Confluent,Platform,0.37,-0.74,1.1,Leader,2
2025-12-31,ZM,Zoom,Application,-0.01,-0.74,0.72,Leader,3
2025-12-31,GFS,GlobalFoundries,Compute,-3.31,-0.74,-2.57,Laggard,1
2025-12-31,MU,Micron,Compute,-2.47,-0.74,-1.73,Laggard,2
2025-12-31,U,Unity Software,Application,-2.13,-0.74,-1.39,Laggard,3
2025-12-30,TWLO,Twilio,Platform,1.85,-0.14,1.99,Leader,1
2025-12-30,INTC,Intel,Compute,1.69,-0.14,1.83,Leader,2
2025-12-30,HUBS,HubSpot,Application,1.62,-0.14,1.76,Leader,3
2025-12-30,SHOP,Shopify,Application,-2.47,-0.14,-2.33,Laggard,1
2025-12-30,PLTR,Palantir,Platform,-1.81,-0.14,-1.68,Laggard,2
2025-12-30,DUOL,Duolingo,Application,-1.68,-0.14,-1.54,Laggard,3
2025-12-29,MU,Micron,Compute,3.41,-0.35,3.75,Leader,1
2025-12-29,ANET,Arista Networks,Compute,1.75,-0.35,2.1,Leader,2
2025-12-29,INTC,Intel,Compute,1.33,-0.35,1.68,Leader,3
2025-12-29,MDB,MongoDB,Platform,-2.92,-0.35,-2.57,Laggard,1
2025-12-29,PLTR,Palantir,Platform,-2.4,-0.35,-2.05,Laggard,2
2025-12-29,ZM,Zoom,Application,-1.94,-0.35,-1.59,Laggard,3
2025-12-26,WDAY,Workday,Application,1.78,-0.03,1.81,Leader,1
2025-12-26,TSM,TSMC,Compute,1.35,-0.03,1.38,Leader,2
2025-12-26,TEAM,Atlassian,Platform,1.26,-0.03,1.29,Leader,3
2025-12-26,PLTR,Palantir,Platform,-2.81,-0.03,-2.78,Laggard,1
2025-12-26,PATH,UiPath,Application,-1.86,-0.03,-1.83,Laggard,2
2025-12-26,MU,Micron,Compute,-0.66,-0.03,-0.63,Laggard,3
2025-12-24,PATH,UiPath,Application,7.52,0.32,7.2,Leader,1
2025-12-24,MU,Micron,Compute,3.77,0.32,3.45,Leader,2
2025-12-24,ORCL,Oracle,Platform,1.1,0.32,0.78,Leader,3
2025-12-24,DDOG,Datadog,Platform,-2.26,0.32,-2.58,Laggard,1
2025-12-24,SNOW,Snowflake,Platform,-1.41,0.32,-1.73,Laggard,2
2025-12-24,MRVL,Marvell Technology,Compute,-1.36,0.32,-1.68,Laggard,3
2025-12-23,MRVL,Marvell Technology,Compute,3.4,0.46,2.94,Leader,1
2025-12-23,NVDA,NVIDIA,Compute,3.01,0.46,2.55,Leader,2
2025-12-23,AVGO,Broadcom,Compute,2.3,0.46,1.85,Leader,3
2025-12-23,PATH,UiPath,Application,-4.43,0.46,-4.89,Laggard,1
2025-12-23,DUOL,Duolingo,Application,-3.3,0.46,-3.75,Laggard,2
2025-12-23,ZM,Zoom,Application,-3.14,0.46,-3.6,Laggard,3
2025-12-22,MU,Micron,Compute,4.01,0.64,3.37,Leader,1
2025-12-22,SNPS,Synopsys,Compute,3.78,0.64,3.13,Leader,2
2025-12-22,PATH,UiPath,Application,3.6,0.64,2.95,Leader,3
2025-12-22,INTC,Intel,Compute,-1.22,0.64,-1.87,Laggard,1
2025-12-22,QCOM,Qualcomm,Compute,-0.59,0.64,-1.23,Laggard,2
2025-12-22,GFS,GlobalFoundries,Compute,-0.57,0.64,-1.22,Laggard,3
2025-12-19,MU,Micron,Compute,6.99,0.88,6.11,Leader,1
2025-12-19,ORCL,Oracle,Platform,6.63,0.88,5.75,Leader,2
2025-12-19,AMD,AMD,Compute,6.15,0.88,5.27,Leader,3
2025-12-19,TEAM,Atlassian,Platform,-2.38,0.88,-3.26,Laggard,1
2025-12-19,META,Meta,Platform,-0.85,0.88,-1.74,Laggard,2
2025-12-19,MRVL,Marvell Technology,Compute,-0.45,0.88,-1.33,Laggard,3
2025-12-18,MU,Micron,Compute,10.21,0.79,9.42,Leader,1
2025-12-18,PLTR,Palantir,Platform,4.74,0.79,3.94,Leader,2
2025-12-18,MRVL,Marvell Technology,Compute,3.39,0.79,2.6,Leader,3
2025-12-18,DELL,Dell Technologies,Compute,-3.87,0.79,-4.66,Laggard,1
2025-12-18,NOW,ServiceNow,Platform,-1.98,0.79,-2.77,Laggard,2
2025-12-18,SMCI,Super Micro Computer,Compute,-1.58,0.79,-2.37,Laggard,3
2025-12-17,HUBS,HubSpot,Application,4.65,-1.16,5.81,Leader,1
2025-12-17,ADBE,Adobe,Application,1.95,-1.16,3.11,Leader,2
2025-12-17,TEAM,Atlassian,Platform,1.52,-1.16,2.68,Leader,3
2025-12-17,SMCI,Super Micro Computer,Compute,-5.75,-1.16,-4.59,Laggard,1
2025-12-17,ASML,ASML,Compute,-5.63,-1.16,-4.47,Laggard,2
2025-12-17,PLTR,Palantir,Platform,-5.57,-1.16,-4.41,Laggard,3
2025-12-16,OKTA,Okta,Platform,2.71,-0.24,2.95,Leader,1
2025-12-16,TWLO,Twilio,Platform,2.64,-0.24,2.88,Leader,2
2025-12-16,DELL,Dell Technologies,Compute,2.48,-0.24,2.72,Leader,3
2025-12-16,MU,Micron,Compute,-2.1,-0.24,-1.86,Laggard,1
2025-12-16,IBM,IBM,Platform,-1.78,-0.24,-1.54,Laggard,2
2025-12-16,QCOM,Qualcomm,Compute,-1.75,-0.24,-1.51,Laggard,3
2025-12-15,ANET,Arista Networks,Compute,0.91,-0.16,1.07,Leader,1
2025-12-15,TWLO,Twilio,Platform,0.78,-0.16,0.94,Leader,2
2025-12-15,AKAM,Akamai Technologies,Platform,0.76,-0.16,0.92,Leader,3
2025-12-15,NOW,ServiceNow,Platform,-11.54,-0.16,-11.38,Laggard,1
2025-12-15,PATH,UiPath,Application,-7.23,-0.16,-7.07,Laggard,2
2025-12-15,AVGO,Broadcom,Compute,-5.59,-0.16,-5.43,Laggard,3
2025-12-12,ADBE,Adobe,Application,1.71,-1.07,2.78,Leader,1
2025-12-12,DOCU,DocuSign,Application,1.25,-1.07,2.32,Leader,2
2025-12-12,AKAM,Akamai Technologies,Platform,0.5,-1.07,1.57,Leader,3
2025-12-12,AVGO,Broadcom,Compute,-11.43,-1.07,-10.36,Laggard,1
2025-12-12,ANET,Arista Networks,Compute,-7.17,-1.07,-6.1,Laggard,2
2025-12-12,MU,Micron,Compute,-6.7,-1.07,-5.63,Laggard,3
2025-12-11,ZM,Zoom,Application,2.49,0.21,2.28,Leader,1
2025-12-11,ADBE,Adobe,Application,2.13,0.21,1.92,Leader,2
2025-12-11,DOCU,DocuSign,Application,2.06,0.21,1.86,Leader,3
2025-12-11,ORCL,Oracle,Platform,-10.83,0.21,-11.04,Laggard,1
2025-12-11,PATH,UiPath,Application,-3.53,0.21,-3.74,Laggard,2
2025-12-11,MRVL,Marvell Technology,Compute,-3.29,0.21,-3.5,Laggard,3
2025-12-10,ESTC,Elastic,Platform,5.6,0.67,4.92,Leader,1
2025-12-10,SHOP,Shopify,Application,5.33,0.67,4.66,Leader,2
2025-12-10,MU,Micron,Compute,4.47,0.67,3.8,Leader,3
2025-12-10,DUOL,Duolingo,Application,-5.57,0.67,-6.24,Laggard,1
2025-12-10,MSFT,Microsoft,Platform,-2.74,0.67,-3.41,Laggard,2
2025-12-10,SNOW,Snowflake,Platform,-2.72,0.67,-3.39,Laggard,3
2025-12-09,DOCU,DocuSign,Application,5.07,-0.09,5.16,Leader,1
2025-12-09,HPE,Hewlett Packard Enterprise,Compute,3.81,-0.09,3.9,Leader,2
2025-12-09,MU,Micron,Compute,2.23,-0.09,2.32,Leader,3
2025-12-09,MRVL,Marvell Technology,Compute,-3.37,-0.09,-3.28,Laggard,1
2025-12-09,ON,ON Semiconductor,Compute,-2.04,-0.09,-1.95,Laggard,2
2025-12-09,ZM,Zoom,Application,-1.64,-0.09,-1.55,Laggard,3
2025-12-08,CFLT,Confluent,Platform,29.08,-0.35,29.43,Leader,1
2025-12-08,U,Unity Software,Application,7.12,-0.35,7.47,Leader,2
2025-12-08,GTLB,GitLab,Platform,4.61,-0.35,4.95,Leader,3
2025-12-08,MRVL,Marvell Technology,Compute,-6.99,-0.35,-6.64,Laggard,1
2025-12-08,INTC,Intel,Compute,-2.68,-0.35,-2.33,Laggard,2
2025-12-08,INTU,Intuit,Application,-2.58,-0.35,-2.23,Laggard,3
2025-12-05,DUOL,Duolingo,Application,6.04,0.19,5.84,Leader,1
2025-12-05,ADBE,Adobe,Application,5.33,0.19,5.14,Leader,2
2025-12-05,CRM,Salesforce,Application,5.3,0.19,5.1,Leader,3
2025-12-05,DOCU,DocuSign,Application,-7.64,0.19,-7.83,Laggard,1
2025-12-05,AKAM,Akamai Technologies,Platform,-3.59,0.19,-3.78,Laggard,2
2025-12-05,SNOW,Snowflake,Platform,-2.55,0.19,-2.74,Laggard,3
2025-12-04,PATH,UiPath,Application,24.36,0.11,24.25,Leader,1
2025-12-04,DELL,Dell Technologies,Compute,4.01,0.11,3.9,Leader,2
2025-12-04,CRM,Salesforce,Application,3.66,0.11,3.55,Leader,3
2025-12-04,SNOW,Snowflake,Platform,-11.41,0.11,-11.52,Laggard,1
2025-12-04,INTC,Intel,Compute,-7.45,0.11,-7.56,Laggard,2
2025-12-04,ON,ON Semiconductor,Compute,-4.13,0.11,-4.24,Laggard,3
2025-12-03,ON,ON Semiconductor,Compute,11.01,0.3,10.72,Leader,1
2025-12-03,MRVL,Marvell Technology,Compute,7.87,0.3,7.57,Leader,2
2025-12-03,CDNS,Cadence Design Systems,Compute,5.71,0.3,5.42,Leader,3
2025-12-03,GTLB,GitLab,Platform,-12.77,0.3,-13.07,Laggard,1
2025-12-03,MSFT,Microsoft,Platform,-2.5,0.3,-2.8,Laggard,2
2025-12-03,MU,Micron,Compute,-2.23,0.3,-2.52,Laggard,3
2025-12-02,MDB,MongoDB,Platform,22.23,0.25,21.99,Leader,1
2025-12-02,INTC,Intel,Compute,8.65,0.25,8.4,Leader,2
2025-12-02,CFLT,Confluent,Platform,5.44,0.25,5.2,Leader,3
2025-12-02,AMD,AMD,Compute,-2.06,0.25,-2.3,Laggard,1
2025-12-02,DUOL,Duolingo,Application,-1.53,0.25,-1.78,Laggard,2
2025-12-02,SMCI,Super Micro Computer,Compute,-1.47,0.25,-1.71,Laggard,3
2025-12-01,SNPS,Synopsys,Compute,4.85,-0.53,5.38,Leader,1
2025-12-01,ASML,ASML,Compute,2.64,-0.53,3.17,Leader,2
2025-12-01,MRVL,Marvell Technology,Compute,1.9,-0.53,2.43,Leader,3
2025-12-01,SHOP,Shopify,Application,-5.9,-0.53,-5.37,Laggard,1
2025-12-01,AVGO,Broadcom,Compute,-4.19,-0.53,-3.66,Laggard,2
2025-12-01,ZS,Zscaler,Application,-3.27,-0.53,-2.74,Laggard,3
2025-11-28,INTC,Intel,Compute,10.19,0.54,9.65,Leader,1
2025-11-28,SMCI,Super Micro Computer,Compute,3.11,0.54,2.57,Leader,2
2025-11-28,MU,Micron,Compute,2.7,0.54,2.17,Leader,3
2025-11-28,NVDA,NVIDIA,Compute,-1.81,0.54,-2.34,Laggard,1
2025-11-28,ORCL,Oracle,Platform,-1.47,0.54,-2.0,Laggard,2
2025-11-28,SHOP,Shopify,Application,-0.44,0.54,-0.97,Laggard,3
2025-11-26,DUOL,Duolingo,Application,7.21,0.69,6.52,Leader,1
2025-11-26,DELL,Dell Technologies,Compute,5.83,0.69,5.14,Leader,2
2025-11-26,MRVL,Marvell Technology,Compute,5.14,0.69,4.45,Leader,3
2025-11-26,ZS,Zscaler,Application,-13.03,0.69,-13.72,Laggard,1
2025-11-26,WDAY,Workday,Application,-7.85,0.69,-8.54,Laggard,2
2025-11-26,INTU,Intuit,Application,-2.92,0.69,-3.61,Laggard,3
2025-11-25,ZM,Zoom,Application,9.85,0.91,8.94,Leader,1
2025-11-25,HUBS,HubSpot,Application,4.21,0.91,3.3,Leader,2
2025-11-25,META,Meta,Platform,3.78,0.91,2.87,Leader,3
2025-11-25,AMD,AMD,Compute,-4.15,0.91,-5.05,Laggard,1
2025-11-25,NVDA,NVIDIA,Compute,-2.59,0.91,-3.5,Laggard,2
2025-11-25,SMCI,Super Micro Computer,Compute,-2.52,0.91,-3.43,Laggard,3
2025-11-24,AVGO,Broadcom,Compute,11.1,1.55,9.55,Leader,1
2025-11-24,MRVL,Marvell Technology,Compute,8.19,1.55,6.64,Leader,2
2025-11-24,MU,Micron,Compute,7.99,1.55,6.44,Leader,3
2025-11-24,ADBE,Adobe,Application,-1.68,1.55,-3.23,Laggard,1
2025-11-24,INTU,Intuit,Application,-1.5,1.55,-3.04,Laggard,2
2025-11-24,ESTC,Elastic,Platform,-1.38,1.55,-2.93,Laggard,3
2025-11-21,GFS,GlobalFoundries,Compute,5.43,0.98,4.45,Leader,1
2025-11-21,DELL,Dell Technologies,Compute,4.35,0.98,3.37,Leader,2
2025-11-21,INTU,Intuit,Application,4.03,0.98,3.05,Leader,3
2025-11-21,ESTC,Elastic,Platform,-14.67,0.98,-15.65,Laggard,1
2025-11-21,ORCL,Oracle,Platform,-5.66,0.98,-6.64,Laggard,2
2025-11-21,SNOW,Snowflake,Platform,-4.34,0.98,-5.33,Laggard,3
2025-11-20,AKAM,Akamai Technologies,Platform,0.99,-1.56,2.55,Leader,1
2025-11-20,IBM,IBM,Platform,0.65,-1.56,2.2,Leader,2
2025-11-20,SNPS,Synopsys,Compute,-0.18,-1.56,1.38,Leader,3
2025-11-20,MU,Micron,Compute,-10.87,-1.56,-9.31,Laggard,1
2025-11-20,DDOG,Datadog,Platform,-9.49,-1.56,-7.94,Laggard,2
2025-11-20,AMD,AMD,Compute,-7.84,-1.56,-6.28,Laggard,3
2025-11-19,U,Unity Software,Application,6.0,0.38,5.62,Leader,1
2025-11-19,AVGO,Broadcom,Compute,4.09,0.38,3.71,Leader,2
2025-11-19,SHOP,Shopify,Application,3.95,0.38,3.58,Leader,3
2025-11-19,SMCI,Super Micro Computer,Compute,-3.35,0.38,-3.73,Laggard,1
2025-11-19,AMD,AMD,Compute,-2.93,0.38,-3.3,Laggard,2
2025-11-19,DELL,Dell Technologies,Compute,-2.7,0.38,-3.07,Laggard,3
2025-11-18,GTLB,GitLab,Platform,3.82,-0.83,4.65,Leader,1
2025-11-18,SMCI,Super Micro Computer,Compute,2.35,-0.83,3.17,Leader,2
2025-11-18,TEAM,Atlassian,Platform,1.87,-0.83,2.7,Leader,3
2025-11-18,MRVL,Marvell Technology,Compute,-5.72,-0.83,-4.89,Laggard,1
2025-11-18,MU,Micron,Compute,-5.56,-0.83,-4.73,Laggard,2
2025-11-18,AMZN,Amazon,Platform,-4.43,-0.83,-3.61,Laggard,3
2025-11-17,GOOGL,Alphabet,Platform,3.11,-0.92,4.03,Leader,1
2025-11-17,ASML,ASML,Compute,1.29,-0.92,2.21,Leader,2
2025-11-17,AKAM,Akamai Technologies,Platform,0.52,-0.92,1.43,Leader,3
2025-11-17,DELL,Dell Technologies,Compute,-8.43,-0.92,-7.52,Laggard,1
2025-11-17,HPE,Hewlett Packard Enterprise,Compute,-7.01,-0.92,-6.09,Laggard,2
2025-11-17,HUBS,HubSpot,Application,-6.88,-0.92,-5.96,Laggard,3
2025-11-14,MU,Micron,Compute,4.17,-0.05,4.22,Leader,1
2025-11-14,SMCI,Super Micro Computer,Compute,3.79,-0.05,3.84,Leader,2
2025-11-14,WDAY,Workday,Application,3.28,-0.05,3.33,Leader,3
2025-11-14,ZS,Zscaler,Application,-2.97,-0.05,-2.91,Laggard,1
2025-11-14,ON,ON Semiconductor,Compute,-2.51,-0.05,-2.46,Laggard,2
2025-11-14,AKAM,Akamai Technologies,Platform,-1.69,-0.05,-1.64,Laggard,3
2025-11-13,META,Meta,Platform,0.14,-1.66,1.8,Leader,1
2025-11-13,CDNS,Cadence Design Systems,Compute,0.14,-1.66,1.8,Leader,2
2025-11-13,DUOL,Duolingo,Application,-0.02,-1.66,1.63,Leader,3
2025-11-13,SMCI,Super Micro Computer,Compute,-7.44,-1.66,-5.78,Laggard,1
2025-11-13,U,Unity Software,Application,-7.22,-1.66,-5.56,Laggard,2
2025-11-13,SHOP,Shopify,Application,-6.55,-1.66,-4.89,Laggard,3
2025-11-12,AMD,AMD,Compute,9.0,0.06,8.93,Leader,1
2025-11-12,HPE,Hewlett Packard Enterprise,Compute,2.58,0.06,2.51,Leader,2
2025-11-12,ON,ON Semiconductor,Compute,1.73,0.06,1.67,Leader,3
2025-11-12,ZS,Zscaler,Application,-4.29,0.06,-4.35,Laggard,1
2025-11-12,DUOL,Duolingo,Application,-4.26,0.06,-4.33,Laggard,2
2025-11-12,NET,Cloudflare,Platform,-3.95,0.06,-4.01,Laggard,3
2025-11-11,AKAM,Akamai Technologies,Platform,4.01,0.21,3.8,Leader,1
2025-11-11,CFLT,Confluent,Platform,3.91,0.21,3.7,Leader,2
2025-11-11,HUBS,HubSpot,Application,2.25,0.21,2.04,Leader,3
2025-11-11,MU,Micron,Compute,-4.81,0.21,-5.02,Laggard,1
2025-11-11,MRVL,Marvell Technology,Compute,-4.18,0.21,-4.39,Laggard,2
2025-11-11,HPE,Hewlett Packard Enterprise,Compute,-4.15,0.21,-4.35,Laggard,3
2025-11-10,PLTR,Palantir,Platform,8.81,1.54,7.27,Leader,1
2025-11-10,U,Unity Software,Application,7.74,1.54,6.2,Leader,2
2025-11-10,MU,Micron,Compute,6.46,1.54,4.92,Leader,3
2025-11-10,DUOL,Duolingo,Application,-4.18,1.54,-5.72,Laggard,1
2025-11-10,HUBS,HubSpot,Application,-3.02,1.54,-4.56,Laggard,2
2025-11-10,DELL,Dell Technologies,Compute,-2.73,1.54,-4.27,Laggard,3
2025-11-07,AKAM,Akamai Technologies,Platform,14.71,0.13,14.59,Leader,1
2025-11-07,ESTC,Elastic,Platform,3.97,0.13,3.85,Leader,2
2025-11-07,DUOL,Duolingo,Application,3.86,0.13,3.73,Leader,3
2025-11-07,MRVL,Marvell Technology,Compute,-2.58,0.13,-2.71,Laggard,1
2025-11-07,SHOP,Shopify,Application,-2.33,0.13,-2.46,Laggard,2
2025-11-07,GOOGL,Alphabet,Platform,-2.08,0.13,-2.21,Laggard,3
2025-11-06,DDOG,Datadog,Platform,23.13,-1.12,24.24,Leader,1
2025-11-06,IBM,IBM,Platform,1.84,-1.12,2.96,Leader,2
2025-11-06,MDB,MongoDB,Platform,1.58,-1.12,2.7,Leader,3
2025-11-06,DUOL,Duolingo,Application,-25.49,-1.12,-24.37,Laggard,1
2025-11-06,HUBS,HubSpot,Application,-15.01,-1.12,-13.89,Laggard,2
2025-11-06,AMD,AMD,Compute,-7.27,-1.12,-6.15,Laggard,3
2025-11-05,U,Unity Software,Application,18.09,0.37,17.73,Leader,1
2025-11-05,MU,Micron,Compute,8.93,0.37,8.56,Leader,2
2025-11-05,MRVL,Marvell Technology,Compute,6.06,0.37,5.7,Leader,3
2025-11-05,SMCI,Super Micro Computer,Compute,-11.33,0.37,-11.69,Laggard,1
2025-11-05,ANET,Arista Networks,Compute,-8.55,0.37,-8.92,Laggard,2
2025-11-05,TEAM,Atlassian,Platform,-2.15,0.37,-2.51,Laggard,3
2025-11-04,MSFT,Microsoft,Platform,-0.52,-1.17,0.65,Leader,1
2025-11-04,ADBE,Adobe,Application,-0.63,-1.17,0.55,Leader,2
2025-11-04,CDNS,Cadence Design Systems,Compute,-0.65,-1.17,0.52,Leader,3
2025-11-04,PATH,UiPath,Application,-10.08,-1.17,-8.91,Laggard,1
2025-11-04,GTLB,GitLab,Platform,-8.89,-1.17,-7.72,Laggard,2
2025-11-04,PLTR,Palantir,Platform,-7.94,-1.17,-6.76,Laggard,3
2025-11-03,MU,Micron,Compute,4.88,0.17,4.71,Leader,1
2025-11-03,GTLB,GitLab,Platform,4.7,0.17,4.53,Leader,2
2025-11-03,AMZN,Amazon,Platform,4.0,0.17,3.83,Leader,3
2025-11-03,MRVL,Marvell Technology,Compute,-3.6,0.17,-3.77,Laggard,1
2025-11-03,SMCI,Super Micro Computer,Compute,-2.33,0.17,-2.5,Laggard,2
2025-11-03,DUOL,Duolingo,Application,-2.11,0.17,-2.28,Laggard,3
2025-10-31,TWLO,Twilio,Platform,19.51,0.26,19.25,Leader,1
2025-10-31,NET,Cloudflare,Platform,13.84,0.26,13.58,Leader,2
2025-10-31,AMZN,Amazon,Platform,9.58,0.26,9.32,Leader,3
2025-10-31,META,Meta,Platform,-2.72,0.26,-2.98,Laggard,1
2025-10-31,AVGO,Broadcom,Compute,-1.82,0.26,-2.08,Laggard,2
2025-10-31,NOW,ServiceNow,Platform,-1.65,0.26,-1.91,Laggard,3
2025-10-30,GFS,GlobalFoundries,Compute,4.98,-0.99,5.97,Leader,1
2025-10-30,DOCU,DocuSign,Application,3.81,-0.99,4.8,Leader,2
2025-10-30,NOW,ServiceNow,Platform,2.52,-0.99,3.51,Leader,3
2025-10-30,META,Meta,Platform,-11.33,-0.99,-10.34,Laggard,1
2025-10-30,ORCL,Oracle,Platform,-6.69,-0.99,-5.7,Laggard,2
2025-10-30,SMCI,Super Micro Computer,Compute,-4.4,-0.99,-3.41,Laggard,3
2025-10-29,PLTR,Palantir,Platform,4.86,-0.0,4.86,Leader,1
2025-10-29,AVGO,Broadcom,Compute,3.49,-0.0,3.49,Leader,2
2025-10-29,ANET,Arista Networks,Compute,3.36,-0.0,3.36,Leader,3
2025-10-29,DUOL,Duolingo,Application,-7.19,-0.0,-7.18,Laggard,1
2025-10-29,ADBE,Adobe,Application,-6.13,-0.0,-6.12,Laggard,2
2025-10-29,ADSK,Autodesk,Application,-4.5,-0.0,-4.5,Laggard,3
2025-10-28,CFLT,Confluent,Platform,7.56,0.23,7.33,Leader,1
2025-10-28,INTC,Intel,Compute,5.03,0.23,4.8,Leader,2
2025-10-28,NVDA,NVIDIA,Compute,4.98,0.23,4.75,Leader,3
2025-10-28,PATH,UiPath,Application,-7.07,0.23,-7.3,Laggard,1
2025-10-28,U,Unity Software,Application,-5.85,0.23,-6.08,Laggard,2
2025-10-28,DUOL,Duolingo,Application,-4.19,0.23,-4.42,Laggard,3
2025-10-27,QCOM,Qualcomm,Compute,11.09,1.23,9.86,Leader,1
2025-10-27,SMCI,Super Micro Computer,Compute,6.79,1.23,5.56,Leader,2
2025-10-27,PATH,UiPath,Application,5.52,1.23,4.29,Leader,3
2025-10-27,CFLT,Confluent,Platform,-3.16,1.23,-4.39,Laggard,1
2025-10-27,DUOL,Duolingo,Application,-1.69,1.23,-2.92,Laggard,2
2025-10-27,WDAY,Workday,Application,-1.58,1.23,-2.81,Laggard,3
2025-10-24,IBM,IBM,Platform,7.88,0.79,7.09,Leader,1
2025-10-24,AMD,AMD,Compute,7.63,0.79,6.84,Leader,2
2025-10-24,PATH,UiPath,Application,6.74,0.79,5.95,Leader,3
2025-10-24,ON,ON Semiconductor,Compute,-2.07,0.79,-2.86,Laggard,1
2025-10-24,TEAM,Atlassian,Platform,-1.44,0.79,-2.23,Laggard,2
2025-10-24,HUBS,HubSpot,Application,-1.29,0.79,-2.08,Laggard,3
2025-10-23,SNOW,Snowflake,Platform,4.68,0.58,4.1,Leader,1
2025-10-23,CRWD,CrowdStrike,Application,4.37,0.58,3.79,Leader,2
2025-10-23,ANET,Arista Networks,Compute,4.21,0.58,3.63,Leader,3
2025-10-23,SMCI,Super Micro Computer,Compute,-8.72,0.58,-9.31,Laggard,1
2025-10-23,TEAM,Atlassian,Platform,-1.72,0.58,-2.3,Laggard,2
2025-10-23,IBM,IBM,Platform,-0.87,0.58,-1.46,Laggard,3
2025-10-22,IBM,IBM,Platform,1.94,-0.53,2.47,Leader,1
2025-10-22,MSFT,Microsoft,Platform,0.56,-0.53,1.09,Leader,2
2025-10-22,GOOGL,Alphabet,Platform,0.49,-0.53,1.02,Leader,3
2025-10-22,PATH,UiPath,Application,-7.68,-0.53,-7.14,Laggard,1
2025-10-22,ON,ON Semiconductor,Compute,-5.72,-0.53,-5.19,Laggard,2
2025-10-22,SMCI,Super Micro Computer,Compute,-4.23,-0.53,-3.7,Laggard,3
2025-10-21,TEAM,Atlassian,Platform,6.25,0.0,6.24,Leader,1
2025-10-21,HUBS,HubSpot,Application,5.85,0.0,5.85,Leader,2
2025-10-21,GTLB,GitLab,Platform,5.12,0.0,5.11,Leader,3
2025-10-21,GOOGL,Alphabet,Platform,-2.37,0.0,-2.38,Laggard,1
2025-10-21,MU,Micron,Compute,-2.17,0.0,-2.17,Laggard,2
2025-10-21,AVGO,Broadcom,Compute,-1.88,0.0,-1.89,Laggard,3
2025-10-20,SMCI,Super Micro Computer,Compute,5.48,1.07,4.41,Leader,1
2025-10-20,CRM,Salesforce,Application,4.61,1.07,3.54,Leader,2
2025-10-20,ON,ON Semiconductor,Compute,4.49,1.07,3.43,Leader,3
2025-10-20,ORCL,Oracle,Platform,-4.85,1.07,-5.92,Laggard,1
2025-10-20,DUOL,Duolingo,Application,-3.48,1.07,-4.55,Laggard,2
2025-10-20,MRVL,Marvell Technology,Compute,-2.4,1.07,-3.47,Laggard,3
2025-10-17,WDAY,Workday,Application,2.92,0.53,2.39,Leader,1
2025-10-17,INTU,Intuit,Application,2.23,0.53,1.7,Leader,2
2025-10-17,HPE,Hewlett Packard Enterprise,Compute,2.04,0.53,1.52,Leader,3
2025-10-17,ORCL,Oracle,Platform,-6.93,0.53,-7.46,Laggard,1
2025-10-17,GTLB,GitLab,Platform,-6.13,0.53,-6.66,Laggard,2
2025-10-17,SMCI,Super Micro Computer,Compute,-3.08,0.53,-3.61,Laggard,3
2025-10-16,GTLB,GitLab,Platform,10.6,-0.63,11.23,Leader,1
2025-10-16,MU,Micron,Compute,5.52,-0.63,6.15,Leader,2
2025-10-16,ON,ON Semiconductor,Compute,5.18,-0.63,5.81,Leader,3
2025-10-16,HPE,Hewlett Packard Enterprise,Compute,-10.14,-0.63,-9.51,Laggard,1
2025-10-16,U,Unity Software,Application,-7.19,-0.63,-6.56,Laggard,2
2025-10-16,DDOG,Datadog,Platform,-5.53,-0.63,-4.9,Laggard,3
2025-10-15,AMD,AMD,Compute,9.4,0.4,9.0,Leader,1
2025-10-15,INTC,Intel,Compute,4.27,0.4,3.86,Leader,2
2025-10-15,DELL,Dell Technologies,Compute,3.31,0.4,2.91,Leader,3
2025-10-15,TEAM,Atlassian,Platform,-4.18,0.4,-4.58,Laggard,1
2025-10-15,GTLB,GitLab,Platform,-2.49,0.4,-2.89,Laggard,2
2025-10-15,HUBS,HubSpot,Application,-2.44,0.4,-2.84,Laggard,3
2025-10-14,TEAM,Atlassian,Platform,4.67,-0.16,4.83,Leader,1
2025-10-14,GFS,GlobalFoundries,Compute,2.15,-0.16,2.31,Leader,2
2025-10-14,HUBS,HubSpot,Application,1.49,-0.16,1.65,Leader,3
2025-10-14,ANET,Arista Networks,Compute,-5.87,-0.16,-5.72,Laggard,1
2025-10-14,NVDA,NVIDIA,Compute,-4.4,-0.16,-4.25,Laggard,2
2025-10-14,INTC,Intel,Compute,-4.27,-0.16,-4.12,Laggard,3
2025-10-13,AVGO,Broadcom,Compute,9.88,1.56,8.32,Leader,1
2025-10-13,ON,ON Semiconductor,Compute,9.55,1.56,7.99,Leader,2
2025-10-13,TSM,TSMC,Compute,7.92,1.56,6.36,Leader,3
2025-10-13,ANET,Arista Networks,Compute,-4.32,1.56,-5.88,Laggard,1
2025-10-13,ESTC,Elastic,Platform,-2.04,1.56,-3.6,Laggard,2
2025-10-13,ZM,Zoom,Application,-1.38,1.56,-2.94,Laggard,3
2025-10-10,ESTC,Elastic,Platform,6.05,-2.71,8.76,Leader,1
2025-10-10,INTU,Intuit,Application,-0.49,-2.71,2.23,Leader,2
2025-10-10,ORCL,Oracle,Platform,-1.35,-2.71,1.36,Leader,3
2025-10-10,SNPS,Synopsys,Compute,-9.39,-2.71,-6.68,Laggard,1
2025-10-10,SMCI,Super Micro Computer,Compute,-8.83,-2.71,-6.12,Laggard,2
2025-10-10,ON,ON Semiconductor,Compute,-8.47,-2.71,-5.75,Laggard,3
2025-10-09,PATH,UiPath,Application,18.81,-0.28,19.08,Leader,1
2025-10-09,CFLT,Confluent,Platform,7.98,-0.28,8.26,Leader,2
2025-10-09,U,Unity Software,Application,6.51,-0.28,6.78,Leader,3
2025-10-09,DELL,Dell Technologies,Compute,-5.21,-0.28,-4.94,Laggard,1
2025-10-09,DUOL,Duolingo,Application,-2.9,-0.28,-2.63,Laggard,2
2025-10-09,MU,Micron,Compute,-2.14,-0.28,-1.87,Laggard,3
2025-10-08,AMD,AMD,Compute,11.37,0.58,10.79,Leader,1
2025-10-08,DELL,Dell Technologies,Compute,9.05,0.58,8.47,Leader,2
2025-10-08,DUOL,Duolingo,Application,8.53,0.58,7.95,Leader,3
2025-10-08,IBM,IBM,Platform,-1.5,0.58,-2.08,Laggard,1
2025-10-08,ASML,ASML,Compute,-1.45,0.58,-2.03,Laggard,2
2025-10-08,ADSK,Autodesk,Application,-0.88,0.58,-1.47,Laggard,3
2025-10-07,AMD,AMD,Compute,3.83,-0.38,4.21,Leader,1
2025-10-07,DELL,Dell Technologies,Compute,3.51,-0.38,3.89,Leader,2
2025-10-07,PATH,UiPath,Application,2.07,-0.38,2.45,Leader,3
2025-10-07,ESTC,Elastic,Platform,-4.33,-0.38,-3.95,Laggard,1
2025-10-07,ON,ON Semiconductor,Compute,-4.33,-0.38,-3.95,Laggard,2
2025-10-07,ZS,Zscaler,Application,-4.09,-0.38,-3.71,Laggard,3
2025-10-06,AMD,AMD,Compute,23.71,0.36,23.34,Leader,1
2025-10-06,PATH,UiPath,Application,12.56,0.36,12.19,Leader,2
2025-10-06,TWLO,Twilio,Platform,6.57,0.36,6.2,Leader,3
2025-10-06,ESTC,Elastic,Platform,-1.8,0.36,-2.16,Laggard,1
2025-10-06,INTU,Intuit,Application,-1.45,0.36,-1.81,Laggard,2
2025-10-06,NVDA,NVIDIA,Compute,-1.11,0.36,-1.47,Laggard,3
2025-10-03,SHOP,Shopify,Application,6.5,0.01,6.5,Leader,1
2025-10-03,DUOL,Duolingo,Application,3.08,0.01,3.07,Leader,2
2025-10-03,DOCU,DocuSign,Application,2.39,0.01,2.39,Leader,3
2025-10-03,PLTR,Palantir,Platform,-7.47,0.01,-7.48,Laggard,1
2025-10-03,DELL,Dell Technologies,Compute,-4.5,0.01,-4.51,Laggard,2
2025-10-03,NET,Cloudflare,Platform,-3.51,0.01,-3.52,Laggard,3
2025-10-02,GTLB,GitLab,Platform,5.4,0.06,5.33,Leader,1
2025-10-02,SNOW,Snowflake,Platform,4.33,0.06,4.27,Leader,2
2025-10-02,CFLT,Confluent,Platform,4.06,0.06,3.99,Leader,3
2025-10-02,SNPS,Synopsys,Compute,-3.61,0.06,-3.67,Laggard,1
2025-10-02,ANET,Arista Networks,Compute,-3.22,0.06,-3.28,Laggard,2
2025-10-02,PATH,UiPath,Application,-1.85,0.06,-1.91,Laggard,3
2025-10-01,SMCI,Super Micro Computer,Compute,9.28,0.34,8.94,Leader,1
2025-10-01,MU,Micron,Compute,8.86,0.34,8.52,Leader,2
2025-10-01,DDOG,Datadog,Platform,7.23,0.34,6.89,Leader,3
2025-10-01,TEAM,Atlassian,Platform,-6.34,0.34,-6.68,Laggard,1
2025-10-01,HUBS,HubSpot,Application,-5.89,0.34,-6.23,Laggard,2
2025-10-01,DUOL,Duolingo,Application,-5.63,0.34,-5.97,Laggard,3
2025-09-30,PATH,UiPath,Application,6.53,0.41,6.12,Leader,1
2025-09-30,DELL,Dell Technologies,Compute,5.88,0.41,5.47,Leader,2
2025-09-30,SMCI,Super Micro Computer,Compute,3.41,0.41,3.0,Leader,3
2025-09-30,DOCU,DocuSign,Application,-12.24,0.41,-12.64,Laggard,1
2025-09-30,HUBS,HubSpot,Application,-10.02,0.41,-10.43,Laggard,2
2025-09-30,U,Unity Software,Application,-6.75,0.41,-7.16,Laggard,3
2025-09-29,SHOP,Shopify,Application,6.24,0.26,5.98,Leader,1
2025-09-29,DDOG,Datadog,Platform,4.45,0.26,4.19,Leader,2
2025-09-29,MU,Micron,Compute,4.22,0.26,3.95,Leader,3
2025-09-29,INTC,Intel,Compute,-2.87,0.26,-3.14,Laggard,1
2025-09-29,QCOM,Qualcomm,Compute,-2.3,0.26,-2.57,Laggard,2
2025-09-29,AVGO,Broadcom,Compute,-1.98,0.26,-2.25,Laggard,3
2025-09-26,GFS,GlobalFoundries,Compute,8.37,0.59,7.78,Leader,1
2025-09-26,INTC,Intel,Compute,4.44,0.59,3.85,Leader,2
2025-09-26,DUOL,Duolingo,Application,4.11,0.59,3.52,Leader,3
2025-09-26,ORCL,Oracle,Platform,-2.7,0.59,-3.29,Laggard,1
2025-09-26,SHOP,Shopify,Application,-2.23,0.59,-2.82,Laggard,2
2025-09-26,TSM,TSMC,Compute,-1.19,0.59,-1.78,Laggard,3
2025-09-25,INTC,Intel,Compute,8.87,-0.5,9.37,Leader,1
2025-09-25,IBM,IBM,Platform,5.2,-0.5,5.7,Leader,2
2025-09-25,MRVL,Marvell Technology,Compute,4.64,-0.5,5.15,Leader,3
2025-09-25,ORCL,Oracle,Platform,-5.55,-0.5,-5.05,Laggard,1
2025-09-25,U,Unity Software,Application,-5.26,-0.5,-4.76,Laggard,2
2025-09-25,SHOP,Shopify,Application,-3.61,-0.5,-3.11,Laggard,3
2025-09-24,MRVL,Marvell Technology,Compute,7.33,-0.28,7.62,Leader,1
2025-09-24,INTC,Intel,Compute,6.41,-0.28,6.69,Leader,2
2025-09-24,QCOM,Qualcomm,Compute,2.37,-0.28,2.66,Leader,3
2025-09-24,SNPS,Synopsys,Compute,-4.53,-0.28,-4.25,Laggard,1
2025-09-24,GTLB,GitLab,Platform,-3.3,-0.28,-3.01,Laggard,2
2025-09-24,MU,Micron,Compute,-2.82,-0.28,-2.54,Laggard,3
2025-09-23,TSM,TSMC,Compute,3.7,-0.55,4.25,Leader,1
2025-09-23,INTC,Intel,Compute,2.02,-0.55,2.57,Leader,2
2025-09-23,PLTR,Palantir,Platform,1.8,-0.55,2.35,Leader,3
2025-09-23,SNPS,Synopsys,Compute,-4.75,-0.55,-4.2,Laggard,1
2025-09-23,PATH,UiPath,Application,-4.64,-0.55,-4.09,Laggard,2
2025-09-23,SHOP,Shopify,Application,-4.57,-0.55,-4.02,Laggard,3
2025-09-22,PATH,UiPath,Application,10.7,0.44,10.26,Leader,1
2025-09-22,DUOL,Duolingo,Application,6.34,0.44,5.9,Leader,2
2025-09-22,ORCL,Oracle,Platform,6.31,0.44,5.87,Leader,3
2025-09-22,ANET,Arista Networks,Compute,-2.81,0.44,-3.25,Laggard,1
2025-09-22,INTC,Intel,Compute,-2.77,0.44,-3.21,Laggard,2
2025-09-22,CRWD,CrowdStrike,Application,-1.87,0.44,-2.31,Laggard,3
2025-09-19,ORCL,Oracle,Platform,4.06,0.49,3.57,Leader,1
2025-09-19,SNOW,Snowflake,Platform,3.77,0.49,3.28,Leader,2
2025-09-19,SNPS,Synopsys,Compute,3.21,0.49,2.72,Leader,3
2025-09-19,MU,Micron,Compute,-3.65,0.49,-4.14,Laggard,1
2025-09-19,INTC,Intel,Compute,-3.24,0.49,-3.73,Laggard,2
2025-09-19,ZM,Zoom,Application,-3.07,0.49,-3.56,Laggard,3
2025-09-18,INTC,Intel,Compute,22.77,0.48,22.29,Leader,1
2025-09-18,SNPS,Synopsys,Compute,12.86,0.48,12.38,Leader,2
2025-09-18,CRWD,CrowdStrike,Application,12.82,0.48,12.34,Leader,3
2025-09-18,ORCL,Oracle,Platform,-1.59,0.48,-2.07,Laggard,1
2025-09-18,TEAM,Atlassian,Platform,-1.52,0.48,-2.0,Laggard,2
2025-09-18,AMD,AMD,Compute,-0.78,0.48,-1.26,Laggard,3
2025-09-17,WDAY,Workday,Application,7.25,-0.1,7.34,Leader,1
2025-09-17,DOCU,DocuSign,Application,3.44,-0.1,3.54,Leader,2
2025-09-17,MRVL,Marvell Technology,Compute,3.08,-0.1,3.18,Leader,3
2025-09-17,AVGO,Broadcom,Compute,-3.84,-0.1,-3.74,Laggard,1
2025-09-17,MDB,MongoDB,Platform,-3.66,-0.1,-3.57,Laggard,2
2025-09-17,NVDA,NVIDIA,Compute,-2.62,-0.1,-2.53,Laggard,3
2025-09-16,ON,ON Semiconductor,Compute,3.01,-0.13,3.14,Leader,1
2025-09-16,MRVL,Marvell Technology,Compute,2.12,-0.13,2.25,Leader,2
2025-09-16,INTC,Intel,Compute,2.02,-0.13,2.15,Leader,3
2025-09-16,SNOW,Snowflake,Platform,-4.36,-0.13,-4.23,Laggard,1
2025-09-16,NET,Cloudflare,Platform,-3.0,-0.13,-2.87,Laggard,2
2025-09-16,DDOG,Datadog,Platform,-2.93,-0.13,-2.8,Laggard,3
2025-09-15,U,Unity Software,Application,6.84,0.47,6.37,Leader,1
2025-09-15,ASML,ASML,Compute,6.56,0.47,6.09,Leader,2
2025-09-15,GOOGL,Alphabet,Platform,4.49,0.47,4.02,Leader,3
2025-09-15,DUOL,Duolingo,Application,-7.4,0.47,-7.88,Laggard,1
2025-09-15,SNPS,Synopsys,Compute,-1.47,0.47,-1.94,Laggard,2
2025-09-15,ADBE,Adobe,Application,-0.65,0.47,-1.12,Laggard,3
2025-09-12,MU,Micron,Compute,4.42,-0.05,4.47,Leader,1
2025-09-12,PLTR,Palantir,Platform,4.3,-0.05,4.35,Leader,2
2025-09-12,SMCI,Super Micro Computer,Compute,2.39,-0.05,2.44,Leader,3
2025-09-12,ANET,Arista Networks,Compute,-8.92,-0.05,-8.87,Laggard,1
2025-09-12,ORCL,Oracle,Platform,-5.09,-0.05,-5.04,Laggard,2
2025-09-12,CDNS,Cadence Design Systems,Compute,-3.16,-0.05,-3.11,Laggard,3
2025-09-11,SNPS,Synopsys,Compute,12.98,0.85,12.13,Leader,1
2025-09-11,DUOL,Duolingo,Application,8.19,0.85,7.35,Leader,2
2025-09-11,MU,Micron,Compute,7.55,0.85,6.7,Leader,3
2025-09-11,ORCL,Oracle,Platform,-6.23,0.85,-7.08,Laggard,1
2025-09-11,CFLT,Confluent,Platform,-2.8,0.85,-3.65,Laggard,2
2025-09-11,AVGO,Broadcom,Compute,-2.69,0.85,-3.54,Laggard,3
2025-09-10,ORCL,Oracle,Platform,35.95,0.3,35.65,Leader,1
2025-09-10,AVGO,Broadcom,Compute,9.77,0.3,9.47,Leader,2
2025-09-10,ANET,Arista Networks,Compute,6.21,0.3,5.91,Leader,3
2025-09-10,SNPS,Synopsys,Compute,-35.84,0.3,-36.14,Laggard,1
2025-09-10,CDNS,Cadence Design Systems,Compute,-6.42,0.3,-6.72,Laggard,2
2025-09-10,U,Unity Software,Application,-5.27,0.3,-5.57,Laggard,3
2025-09-09,SMCI,Super Micro Computer,Compute,7.19,0.27,6.92,Leader,1
2025-09-09,TEAM,Atlassian,Platform,5.59,0.27,5.32,Leader,2
2025-09-09,PLTR,Palantir,Platform,4.01,0.27,3.74,Leader,3
2025-09-09,AVGO,Broadcom,Compute,-2.6,0.27,-2.87,Laggard,1
2025-09-09,GFS,GlobalFoundries,Compute,-2.37,0.27,-2.64,Laggard,2
2025-09-09,DOCU,DocuSign,Application,-2.36,0.27,-2.63,Laggard,3
2025-09-08,ESTC,Elastic,Platform,6.45,0.21,6.24,Leader,1
2025-09-08,GTLB,GitLab,Platform,4.72,0.21,4.51,Leader,2
2025-09-08,CFLT,Confluent,Platform,4.65,0.21,4.44,Leader,3
2025-09-08,ANET,Arista Networks,Compute,-1.99,0.21,-2.2,Laggard,1
2025-09-08,DELL,Dell Technologies,Compute,-1.47,0.21,-1.68,Laggard,2
2025-09-08,GFS,GlobalFoundries,Compute,-1.08,0.21,-1.29,Laggard,3
2025-09-05,AVGO,Broadcom,Compute,9.41,-0.32,9.72,Leader,1
2025-09-05,U,Unity Software,Application,9.06,-0.32,9.38,Leader,2
2025-09-05,PATH,UiPath,Application,5.9,-0.32,6.22,Leader,3
2025-09-05,AMD,AMD,Compute,-6.58,-0.32,-6.27,Laggard,1
2025-09-05,NVDA,NVIDIA,Compute,-2.7,-0.32,-2.39,Laggard,2
2025-09-05,MSFT,Microsoft,Platform,-2.55,-0.32,-2.24,Laggard,3
2025-09-04,MU,Micron,Compute,4.62,0.83,3.79,Leader,1
2025-09-04,AMZN,Amazon,Platform,4.29,0.83,3.45,Leader,2
2025-09-04,SHOP,Shopify,Application,3.52,0.83,2.68,Leader,3
2025-09-04,GTLB,GitLab,Platform,-7.35,0.83,-8.19,Laggard,1
2025-09-04,CRM,Salesforce,Application,-4.85,0.83,-5.69,Laggard,2
2025-09-04,CFLT,Confluent,Platform,-3.54,0.83,-4.37,Laggard,3
2025-09-03,GOOGL,Alphabet,Platform,9.14,0.51,8.63,Leader,1
2025-09-03,DELL,Dell Technologies,Compute,2.53,0.51,2.02,Leader,2
2025-09-03,DOCU,DocuSign,Application,2.47,0.51,1.96,Leader,3
2025-09-03,MRVL,Marvell Technology,Compute,-3.54,0.51,-4.05,Laggard,1
2025-09-03,DUOL,Duolingo,Application,-2.57,0.51,-3.08,Laggard,2
2025-09-03,ON,ON Semiconductor,Compute,-2.35,0.51,-2.86,Laggard,3
2025-09-02,MRVL,Marvell Technology,Compute,2.75,-0.69,3.44,Leader,1
2025-09-02,ADSK,Autodesk,Application,1.42,-0.69,2.11,Leader,2
2025-09-02,MDB,MongoDB,Platform,0.85,-0.69,1.54,Leader,3
2025-09-02,OKTA,Okta,Platform,-3.52,-0.69,-2.83,Laggard,1
2025-09-02,CFLT,Confluent,Platform,-3.42,-0.69,-2.73,Laggard,2
2025-09-02,DOCU,DocuSign,Application,-3.38,-0.69,-2.69,Laggard,3
2025-08-29,ADSK,Autodesk,Application,9.09,-0.64,9.73,Leader,1
2025-08-29,DOCU,DocuSign,Application,1.52,-0.64,2.16,Leader,2
2025-08-29,HUBS,HubSpot,Application,1.43,-0.64,2.07,Leader,3
2025-08-29,MRVL,Marvell Technology,Compute,-18.59,-0.64,-17.95,Laggard,1
2025-08-29,DELL,Dell Technologies,Compute,-8.88,-0.64,-8.24,Laggard,2
2025-08-29,DUOL,Duolingo,Application,-7.72,-0.64,-7.08,Laggard,3
2025-08-28,SNOW,Snowflake,Platform,20.27,0.32,19.95,Leader,1
2025-08-28,MDB,MongoDB,Platform,7.58,0.32,7.26,Leader,2
2025-08-28,DDOG,Datadog,Platform,7.01,0.32,6.69,Leader,3
2025-08-28,SMCI,Super Micro Computer,Compute,-1.76,0.32,-2.08,Laggard,1
2025-08-28,GFS,GlobalFoundries,Compute,-1.15,0.32,-1.46,Laggard,2
2025-08-28,ON,ON Semiconductor,Compute,-0.92,0.32,-1.23,Laggard,3
2025-08-27,MDB,MongoDB,Platform,37.96,0.24,37.72,Leader,1
2025-08-27,GTLB,GitLab,Platform,7.97,0.24,7.73,Leader,2
2025-08-27,ESTC,Elastic,Platform,7.37,0.24,7.13,Leader,3
2025-08-27,PLTR,Palantir,Platform,-2.58,0.24,-2.82,Laggard,1
2025-08-27,META,Meta,Platform,-0.89,0.24,-1.13,Laggard,2
2025-08-27,ANET,Arista Networks,Compute,-0.74,0.24,-0.98,Laggard,3
2025-08-26,PLTR,Palantir,Platform,2.35,0.41,1.94,Leader,1
2025-08-26,AMD,AMD,Compute,2.0,0.41,1.58,Leader,2
2025-08-26,MRVL,Marvell Technology,Compute,1.8,0.41,1.38,Leader,3
2025-08-26,GTLB,GitLab,Platform,-3.23,0.41,-3.64,Laggard,1
2025-08-26,ZM,Zoom,Application,-3.12,0.41,-3.54,Laggard,2
2025-08-26,TEAM,Atlassian,Platform,-2.62,0.41,-3.03,Laggard,3
2025-08-25,U,Unity Software,Application,1.71,-0.43,2.14,Leader,1
2025-08-25,GOOGL,Alphabet,Platform,1.16,-0.43,1.59,Leader,2
2025-08-25,TSM,TSMC,Compute,1.12,-0.43,1.54,Leader,3
2025-08-25,DUOL,Duolingo,Application,-3.14,-0.43,-2.72,Laggard,1
2025-08-25,AMD,AMD,Compute,-2.62,-0.43,-2.2,Laggard,2
2025-08-25,DDOG,Datadog,Platform,-2.16,-0.43,-1.74,Laggard,3
2025-08-22,ZM,Zoom,Application,12.71,1.52,11.19,Leader,1
2025-08-22,U,Unity Software,Application,7.94,1.52,6.42,Leader,2
2025-08-22,ON,ON Semiconductor,Compute,6.23,1.52,4.71,Leader,3
2025-08-22,INTU,Intuit,Application,-5.03,1.52,-6.55,Laggard,1
2025-08-22,DUOL,Duolingo,Application,-3.95,1.52,-5.47,Laggard,2
2025-08-22,WDAY,Workday,Application,-2.77,1.52,-4.29,Laggard,3
2025-08-21,HPE,Hewlett Packard Enterprise,Compute,3.71,-0.4,4.11,Leader,1
2025-08-21,DUOL,Duolingo,Application,1.96,-0.4,2.36,Leader,2
2025-08-21,ZM,Zoom,Application,1.4,-0.4,1.8,Leader,3
2025-08-21,ASML,ASML,Compute,-1.88,-0.4,-1.48,Laggard,1
2025-08-21,NOW,ServiceNow,Platform,-1.49,-0.4,-1.09,Laggard,2
2025-08-21,OKTA,Okta,Platform,-1.37,-0.4,-0.97,Laggard,3
2025-08-20,HUBS,HubSpot,Application,2.38,-0.24,2.62,Leader,1
2025-08-20,SNOW,Snowflake,Platform,1.13,-0.24,1.37,Leader,2
2025-08-20,ASML,ASML,Compute,0.79,-0.24,1.03,Leader,3
2025-08-20,INTC,Intel,Compute,-6.99,-0.24,-6.75,Laggard,1
2025-08-20,DELL,Dell Technologies,Compute,-4.97,-0.24,-4.73,Laggard,2
2025-08-20,MU,Micron,Compute,-3.97,-0.24,-3.72,Laggard,3
2025-08-19,INTC,Intel,Compute,6.97,-0.59,7.56,Leader,1
2025-08-19,AKAM,Akamai Technologies,Platform,1.61,-0.59,2.19,Leader,2
2025-08-19,ADBE,Adobe,Application,1.06,-0.59,1.65,Leader,3
2025-08-19,PLTR,Palantir,Platform,-9.35,-0.59,-8.77,Laggard,1
2025-08-19,DUOL,Duolingo,Application,-7.73,-0.59,-7.14,Laggard,2
2025-08-19,MRVL,Marvell Technology,Compute,-6.09,-0.59,-5.5,Laggard,3
2025-08-18,DUOL,Duolingo,Application,12.93,-0.01,12.94,Leader,1
2025-08-18,MDB,MongoDB,Platform,4.03,-0.01,4.04,Leader,2
2025-08-18,NOW,ServiceNow,Platform,2.86,-0.01,2.87,Leader,3
2025-08-18,INTC,Intel,Compute,-3.66,-0.01,-3.65,Laggard,1
2025-08-18,META,Meta,Platform,-2.27,-0.01,-2.26,Laggard,2
2025-08-18,PLTR,Palantir,Platform,-1.77,-0.01,-1.76,Laggard,3
2025-08-15,GTLB,GitLab,Platform,8.13,-0.29,8.42,Leader,1
2025-08-15,MDB,MongoDB,Platform,6.8,-0.29,7.09,Leader,2
2025-08-15,TWLO,Twilio,Platform,4.79,-0.29,5.08,Leader,3
2025-08-15,MRVL,Marvell Technology,Compute,-3.61,-0.29,-3.32,Laggard,1
2025-08-15,MU,Micron,Compute,-3.53,-0.29,-3.24,Laggard,2
2025-08-15,PLTR,Palantir,Platform,-2.13,-0.29,-1.84,Laggard,3
2025-08-14,INTC,Intel,Compute,7.38,0.03,7.35,Leader,1
2025-08-14,CFLT,Confluent,Platform,3.24,0.03,3.21,Leader,2
2025-08-14,AMZN,Amazon,Platform,2.86,0.03,2.83,Leader,3
2025-08-14,SHOP,Shopify,Application,-3.88,0.03,-3.91,Laggard,1
2025-08-14,DDOG,Datadog,Platform,-3.26,0.03,-3.29,Laggard,2
2025-08-14,OKTA,Okta,Platform,-2.6,0.03,-2.64,Laggard,3
2025-08-13,TWLO,Twilio,Platform,6.8,0.32,6.48,Leader,1
2025-08-13,GTLB,GitLab,Platform,5.81,0.32,5.49,Leader,2
2025-08-13,AMD,AMD,Compute,5.41,0.32,5.09,Leader,3
2025-08-13,ORCL,Oracle,Platform,-3.81,0.32,-4.14,Laggard,1
2025-08-13,MU,Micron,Compute,-2.72,0.32,-3.05,Laggard,2
2025-08-13,ANET,Arista Networks,Compute,-2.29,0.32,-2.62,Laggard,3
2025-08-12,U,Unity Software,Application,12.35,1.13,11.22,Leader,1
2025-08-12,ON,ON Semiconductor,Compute,6.18,1.13,5.04,Leader,2
2025-08-12,INTC,Intel,Compute,5.62,1.13,4.48,Leader,3
2025-08-12,DUOL,Duolingo,Application,-5.19,1.13,-6.32,Laggard,1
2025-08-12,TEAM,Atlassian,Platform,-0.8,1.13,-1.94,Laggard,2
2025-08-12,IBM,IBM,Platform,-0.65,1.13,-1.78,Laggard,3
2025-08-11,MU,Micron,Compute,4.06,-0.25,4.31,Leader,1
2025-08-11,INTC,Intel,Compute,3.51,-0.25,3.76,Leader,2
2025-08-11,SMCI,Super Micro Computer,Compute,1.35,-0.25,1.6,Leader,3
2025-08-11,DUOL,Duolingo,Application,-8.03,-0.25,-7.78,Laggard,1
2025-08-11,HUBS,HubSpot,Application,-6.43,-0.25,-6.18,Laggard,2
2025-08-11,TWLO,Twilio,Platform,-6.31,-0.25,-6.06,Laggard,3
2025-08-08,MU,Micron,Compute,6.28,0.78,5.5,Leader,1
2025-08-08,DELL,Dell Technologies,Compute,2.75,0.78,1.97,Leader,2
2025-08-08,PLTR,Palantir,Platform,2.61,0.78,1.83,Leader,3
2025-08-08,TWLO,Twilio,Platform,-19.38,0.78,-20.16,Laggard,1
2025-08-08,MDB,MongoDB,Platform,-8.2,0.78,-8.98,Laggard,2
2025-08-08,SNOW,Snowflake,Platform,-7.11,0.78,-7.89,Laggard,3
2025-08-07,DUOL,Duolingo,Application,13.75,-0.08,13.82,Leader,1
2025-08-07,AMD,AMD,Compute,5.69,-0.08,5.77,Leader,2
2025-08-07,U,Unity Software,Application,5.17,-0.08,5.25,Leader,3
2025-08-07,TEAM,Atlassian,Platform,-7.82,-0.08,-7.74,Laggard,1
2025-08-07,HUBS,HubSpot,Application,-6.24,-0.08,-6.16,Laggard,2
2025-08-07,DOCU,DocuSign,Application,-6.2,-0.08,-6.12,Laggard,3
2025-08-06,SHOP,Shopify,Application,21.97,0.73,21.24,Leader,1
2025-08-06,ANET,Arista Networks,Compute,17.49,0.73,16.76,Leader,2
2025-08-06,TWLO,Twilio,Platform,4.47,0.73,3.74,Leader,3
2025-08-06,SMCI,Super Micro Computer,Compute,-18.29,0.73,-19.01,Laggard,1
2025-08-06,AMD,AMD,Compute,-6.42,0.73,-7.15,Laggard,2
2025-08-06,U,Unity Software,Application,-5.95,0.73,-6.68,Laggard,3
2025-08-05,PLTR,Palantir,Platform,7.85,-0.49,8.33,Leader,1
2025-08-05,INTC,Intel,Compute,3.54,-0.49,4.02,Leader,2
2025-08-05,SHOP,Shopify,Application,1.43,-0.49,1.92,Leader,3
2025-08-05,GFS,GlobalFoundries,Compute,-9.34,-0.49,-8.86,Laggard,1
2025-08-05,DDOG,Datadog,Platform,-4.45,-0.49,-3.96,Laggard,2
2025-08-05,DUOL,Duolingo,Application,-3.42,-0.49,-2.93,Laggard,3
2025-08-04,U,Unity Software,Application,6.85,1.47,5.38,Leader,1
2025-08-04,SHOP,Shopify,Application,5.57,1.47,4.1,Leader,2
2025-08-04,GTLB,GitLab,Platform,5.57,1.47,4.1,Leader,3
2025-08-04,ON,ON Semiconductor,Compute,-15.58,1.47,-17.05,Laggard,1
2025-08-04,ADBE,Adobe,Application,-2.57,1.47,-4.05,Laggard,2
2025-08-04,AMZN,Amazon,Platform,-1.44,1.47,-2.92,Laggard,3
2025-08-01,QCOM,Qualcomm,Compute,0.97,-1.6,2.57,Leader,1
2025-08-01,ON,ON Semiconductor,Compute,0.82,-1.6,2.42,Leader,2
2025-08-01,ASML,ASML,Compute,-0.7,-1.6,0.9,Leader,3
2025-08-01,AMZN,Amazon,Platform,-8.27,-1.6,-6.67,Laggard,1
2025-08-01,SNOW,Snowflake,Platform,-8.27,-1.6,-6.67,Laggard,2
2025-08-01,MRVL,Marvell Technology,Compute,-7.37,-1.6,-5.77,Laggard,3
2025-07-31,META,Meta,Platform,11.25,-0.37,11.62,Leader,1
2025-07-31,MSFT,Microsoft,Platform,3.95,-0.37,4.32,Leader,2
2025-07-31,NET,Cloudflare,Platform,3.4,-0.37,3.77,Leader,3
2025-07-31,CFLT,Confluent,Platform,-32.86,-0.37,-32.49,Laggard,1
2025-07-31,QCOM,Qualcomm,Compute,-7.73,-0.37,-7.36,Laggard,2
2025-07-31,DDOG,Datadog,Platform,-5.98,-0.37,-5.61,Laggard,3
2025-07-30,MRVL,Marvell Technology,Compute,7.07,-0.12,7.2,Leader,1
2025-07-30,SMCI,Super Micro Computer,Compute,3.55,-0.12,3.67,Leader,2
2025-07-30,ANET,Arista Networks,Compute,2.93,-0.12,3.05,Leader,3
2025-07-30,DOCU,DocuSign,Application,-2.4,-0.12,-2.28,Laggard,1
2025-07-30,GFS,GlobalFoundries,Compute,-2.23,-0.12,-2.11,Laggard,2
2025-07-30,GTLB,GitLab,Platform,-2.16,-0.12,-2.04,Laggard,3
2025-07-29,CDNS,Cadence Design Systems,Compute,9.74,-0.3,10.03,Leader,1
2025-07-29,SNPS,Synopsys,Compute,7.29,-0.3,7.58,Leader,2
2025-07-29,AMD,AMD,Compute,2.18,-0.3,2.47,Leader,3
2025-07-29,U,Unity Software,Application,-2.84,-0.3,-2.54,Laggard,1
2025-07-29,META,Meta,Platform,-2.46,-0.3,-2.16,Laggard,2
2025-07-29,GTLB,GitLab,Platform,-2.46,-0.3,-2.16,Laggard,3
2025-07-28,SMCI,Super Micro Computer,Compute,10.24,0.02,10.23,Leader,1
2025-07-28,AMD,AMD,Compute,4.32,0.02,4.3,Leader,2
2025-07-28,ON,ON Semiconductor,Compute,3.06,0.02,3.04,Leader,3
2025-07-28,DUOL,Duolingo,Application,-6.48,0.02,-6.5,Laggard,1
2025-07-28,OKTA,Okta,Platform,-3.22,0.02,-3.24,Laggard,2
2025-07-28,WDAY,Workday,Application,-1.53,0.02,-1.55,Laggard,3
2025-07-25,SMCI,Super Micro Computer,Compute,3.71,0.4,3.32,Leader,1
2025-07-25,NET,Cloudflare,Platform,3.57,0.4,3.17,Leader,2
2025-07-25,OKTA,Okta,Platform,3.28,0.4,2.88,Leader,3
2025-07-25,INTC,Intel,Compute,-8.53,0.4,-8.93,Laggard,1
2025-07-25,NOW,ServiceNow,Platform,-2.75,0.4,-3.15,Laggard,2
2025-07-25,ASML,ASML,Compute,-1.91,0.4,-2.3,Laggard,3
2025-07-24,NOW,ServiceNow,Platform,4.16,0.07,4.09,Leader,1
2025-07-24,MDB,MongoDB,Platform,3.03,0.07,2.96,Leader,2
2025-07-24,OKTA,Okta,Platform,2.36,0.07,2.29,Leader,3
2025-07-24,IBM,IBM,Platform,-7.62,0.07,-7.69,Laggard,1
2025-07-24,ON,ON Semiconductor,Compute,-7.0,0.07,-7.07,Laggard,2
2025-07-24,INTC,Intel,Compute,-3.66,0.07,-3.73,Laggard,3
2025-07-23,PLTR,Palantir,Platform,3.73,0.78,2.95,Leader,1
2025-07-23,SMCI,Super Micro Computer,Compute,3.69,0.78,2.91,Leader,2
2025-07-23,ANET,Arista Networks,Compute,2.97,0.78,2.19,Leader,3
2025-07-23,ON,ON Semiconductor,Compute,-4.55,0.78,-5.33,Laggard,1
2025-07-23,U,Unity Software,Application,-2.4,0.78,-3.18,Laggard,2
2025-07-23,CRWD,CrowdStrike,Application,-2.06,0.78,-2.84,Laggard,3
2025-07-22,SNPS,Synopsys,Compute,4.0,0.06,3.94,Leader,1
2025-07-22,ON,ON Semiconductor,Compute,3.14,0.06,3.07,Leader,2
2025-07-22,DOCU,DocuSign,Application,2.57,0.06,2.51,Leader,3
2025-07-22,U,Unity Software,Application,-4.7,0.06,-4.77,Laggard,1
2025-07-22,SHOP,Shopify,Application,-3.68,0.06,-3.74,Laggard,2
2025-07-22,NET,Cloudflare,Platform,-3.65,0.06,-3.71,Laggard,3
2025-07-21,GOOGL,Alphabet,Platform,2.72,0.14,2.58,Leader,1
2025-07-21,QCOM,Qualcomm,Compute,2.69,0.14,2.55,Leader,2
2025-07-21,AVGO,Broadcom,Compute,1.72,0.14,1.58,Leader,3
2025-07-21,DUOL,Duolingo,Application,-3.95,0.14,-4.09,Laggard,1
2025-07-21,U,Unity Software,Application,-2.26,0.14,-2.4,Laggard,2
2025-07-21,HPE,Hewlett Packard Enterprise,Compute,-2.13,0.14,-2.27,Laggard,3
2025-07-18,DELL,Dell Technologies,Compute,5.94,-0.01,5.95,Leader,1
2025-07-18,MRVL,Marvell Technology,Compute,3.67,-0.01,3.68,Leader,2
2025-07-18,TWLO,Twilio,Platform,3.63,-0.01,3.64,Leader,3
2025-07-18,AMD,AMD,Compute,-2.13,-0.01,-2.12,Laggard,1
2025-07-18,TSM,TSMC,Compute,-2.12,-0.01,-2.11,Laggard,2
2025-07-18,SMCI,Super Micro Computer,Compute,-1.86,-0.01,-1.85,Laggard,3
2025-07-17,U,Unity Software,Application,7.6,0.54,7.06,Leader,1
2025-07-17,SHOP,Shopify,Application,5.62,0.54,5.09,Leader,2
2025-07-17,MDB,MongoDB,Platform,4.24,0.54,3.7,Leader,3
2025-07-17,MU,Micron,Compute,-2.72,0.54,-3.26,Laggard,1
2025-07-17,HUBS,HubSpot,Application,-2.39,0.54,-2.93,Laggard,2
2025-07-17,ASML,ASML,Compute,-1.26,0.54,-1.8,Laggard,3
2025-07-16,U,Unity Software,Application,14.31,0.32,14.0,Leader,1
2025-07-16,SHOP,Shopify,Application,4.3,0.32,3.98,Leader,2
2025-07-16,AMD,AMD,Compute,2.87,0.32,2.55,Leader,3
2025-07-16,ASML,ASML,Compute,-8.33,0.32,-8.65,Laggard,1
2025-07-16,DUOL,Duolingo,Application,-4.48,0.32,-4.8,Laggard,2
2025-07-16,TWLO,Twilio,Platform,-3.17,0.32,-3.49,Laggard,3
2025-07-15,SMCI,Super Micro Computer,Compute,6.92,-0.4,7.31,Leader,1
2025-07-15,TWLO,Twilio,Platform,6.48,-0.4,6.88,Leader,2
2025-07-15,AMD,AMD,Compute,6.41,-0.4,6.8,Leader,3
2025-07-15,TEAM,Atlassian,Platform,-2.05,-0.4,-1.65,Laggard,1
2025-07-15,ADSK,Autodesk,Application,-1.9,-0.4,-1.5,Laggard,2
2025-07-15,HPE,Hewlett Packard Enterprise,Compute,-1.89,-0.4,-1.49,Laggard,3
2025-07-14,ADSK,Autodesk,Application,5.05,0.14,4.91,Leader,1
2025-07-14,PLTR,Palantir,Platform,4.96,0.14,4.82,Leader,2
2025-07-14,TWLO,Twilio,Platform,4.7,0.14,4.56,Leader,3
2025-07-14,MU,Micron,Compute,-4.75,0.14,-4.89,Laggard,1
2025-07-14,GFS,GlobalFoundries,Compute,-2.13,0.14,-2.28,Laggard,2
2025-07-14,QCOM,Qualcomm,Compute,-2.01,0.14,-2.15,Laggard,3
2025-07-11,ANET,Arista Networks,Compute,2.15,-0.33,2.47,Leader,1
2025-07-11,AMD,AMD,Compute,1.57,-0.33,1.9,Leader,2
2025-07-11,GOOGL,Alphabet,Platform,1.45,-0.33,1.78,Leader,3
2025-07-11,GTLB,GitLab,Platform,-6.79,-0.33,-6.46,Laggard,1
2025-07-11,TEAM,Atlassian,Platform,-6.52,-0.33,-6.19,Laggard,2
2025-07-11,HUBS,HubSpot,Application,-5.33,-0.33,-5.0,Laggard,3
2025-07-10,AMD,AMD,Compute,4.15,0.27,3.88,Leader,1
2025-07-10,ON,ON Semiconductor,Compute,3.03,0.27,2.75,Leader,2
2025-07-10,SNPS,Synopsys,Compute,2.77,0.27,2.49,Leader,3
2025-07-10,TEAM,Atlassian,Platform,-9.43,0.27,-9.71,Laggard,1
2025-07-10,ADSK,Autodesk,Application,-6.89,0.27,-7.16,Laggard,2
2025-07-10,ZS,Zscaler,Application,-6.42,0.27,-6.69,Laggard,3
2025-07-09,MDB,MongoDB,Platform,3.93,0.61,3.33,Leader,1
2025-07-09,ANET,Arista Networks,Compute,2.8,0.61,2.19,Leader,2
2025-07-09,PLTR,Palantir,Platform,2.45,0.61,1.84,Leader,3
2025-07-09,ADSK,Autodesk,Application,-2.43,0.61,-3.03,Laggard,1
2025-07-09,ADBE,Adobe,Application,-2.32,0.61,-2.92,Laggard,2
2025-07-09,DDOG,Datadog,Platform,-2.19,0.61,-2.79,Laggard,3
2025-07-08,INTC,Intel,Compute,7.23,-0.07,7.3,Leader,1
2025-07-08,GFS,GlobalFoundries,Compute,6.96,-0.07,7.03,Leader,2
2025-07-08,U,Unity Software,Application,5.53,-0.07,5.6,Leader,3
2025-07-08,DDOG,Datadog,Platform,-4.25,-0.07,-4.17,Laggard,1
2025-07-08,SHOP,Shopify,Application,-3.58,-0.07,-3.51,Laggard,2
2025-07-08,AMZN,Amazon,Platform,-1.84,-0.07,-1.77,Laggard,3
2025-07-07,U,Unity Software,Application,6.62,-0.79,7.41,Leader,1
2025-07-07,PLTR,Palantir,Platform,3.54,-0.79,4.33,Leader,2
2025-07-07,SNOW,Snowflake,Platform,1.94,-0.79,2.73,Leader,3
2025-07-07,MRVL,Marvell Technology,Compute,-4.83,-0.79,-4.04,Laggard,1
2025-07-07,ON,ON Semiconductor,Compute,-3.52,-0.79,-2.73,Laggard,2
2025-07-07,SMCI,Super Micro Computer,Compute,-2.99,-0.79,-2.2,Laggard,3
2025-07-03,DDOG,Datadog,Platform,14.92,0.83,14.08,Leader,1
2025-07-03,U,Unity Software,Application,7.62,0.83,6.79,Leader,2
2025-07-03,CDNS,Cadence Design Systems,Compute,5.1,0.83,4.27,Leader,3
2025-07-03,DUOL,Duolingo,Application,-1.29,0.83,-2.13,Laggard,1
2025-07-03,ASML,ASML,Compute,-0.64,0.83,-1.47,Laggard,2
2025-07-03,AMD,AMD,Compute,-0.44,0.83,-1.27,Laggard,3
2025-07-02,ORCL,Oracle,Platform,5.03,0.47,4.56,Leader,1
2025-07-02,ON,ON Semiconductor,Compute,4.38,0.47,3.91,Leader,2
2025-07-02,TSM,TSMC,Compute,3.97,0.47,3.5,Leader,3
2025-07-02,INTC,Intel,Compute,-4.25,0.47,-4.72,Laggard,1
2025-07-02,ADBE,Adobe,Application,-3.48,0.47,-3.95,Laggard,2
2025-07-02,MRVL,Marvell Technology,Compute,-2.61,0.47,-3.08,Laggard,3
2025-07-01,GFS,GlobalFoundries,Compute,3.25,-0.11,3.36,Leader,1
2025-07-01,TEAM,Atlassian,Platform,2.27,-0.11,2.39,Leader,2
2025-07-01,ON,ON Semiconductor,Compute,2.27,-0.11,2.38,Leader,3
2025-07-01,TWLO,Twilio,Platform,-5.73,-0.11,-5.62,Laggard,1
2025-07-01,NET,Cloudflare,Platform,-5.56,-0.11,-5.44,Laggard,2
2025-07-01,PLTR,Palantir,Platform,-4.14,-0.11,-4.03,Laggard,3
2025-06-30,HPE,Hewlett Packard Enterprise,Compute,11.08,0.52,10.56,Leader,1
2025-06-30,PLTR,Palantir,Platform,4.27,0.52,3.75,Leader,2
2025-06-30,ORCL,Oracle,Platform,3.99,0.52,3.47,Leader,3
2025-06-30,AMZN,Amazon,Platform,-1.75,0.52,-2.27,Laggard,1
2025-06-30,AMD,AMD,Compute,-1.33,0.52,-1.84,Laggard,2
2025-06-30,GOOGL,Alphabet,Platform,-1.29,0.52,-1.8,Laggard,3
2025-06-27,U,Unity Software,Application,3.93,0.52,3.41,Leader,1
2025-06-27,DUOL,Duolingo,Application,3.16,0.52,2.64,Leader,2
2025-06-27,GOOGL,Alphabet,Platform,2.88,0.52,2.35,Leader,3
2025-06-27,PLTR,Palantir,Platform,-9.37,0.52,-9.89,Laggard,1
2025-06-27,MRVL,Marvell Technology,Compute,-3.51,0.52,-4.04,Laggard,2
2025-06-27,SMCI,Super Micro Computer,Compute,-3.43,0.52,-3.95,Laggard,3
2025-06-26,SMCI,Super Micro Computer,Compute,5.71,0.8,4.9,Leader,1
2025-06-26,ANET,Arista Networks,Compute,5.48,0.8,4.68,Leader,2
2025-06-26,MRVL,Marvell Technology,Compute,5.32,0.8,4.52,Leader,3
2025-06-26,U,Unity Software,Application,-3.11,0.8,-3.91,Laggard,1
2025-06-26,ASML,ASML,Compute,-2.1,0.8,-2.91,Laggard,2
2025-06-26,MU,Micron,Compute,-0.98,0.8,-1.78,Laggard,3
2025-06-25,SMCI,Super Micro Computer,Compute,8.8,-0.0,8.8,Leader,1
2025-06-25,NVDA,NVIDIA,Compute,4.33,-0.0,4.33,Leader,2
2025-06-25,AMD,AMD,Compute,3.59,-0.0,3.59,Leader,3
2025-06-25,DUOL,Duolingo,Application,-5.94,-0.0,-5.94,Laggard,1
2025-06-25,ESTC,Elastic,Platform,-3.49,-0.0,-3.49,Laggard,2
2025-06-25,HUBS,HubSpot,Application,-2.5,-0.0,-2.5,Laggard,3
2025-06-24,AMD,AMD,Compute,6.83,1.11,5.72,Leader,1
2025-06-24,INTC,Intel,Compute,6.42,1.11,5.31,Leader,2
2025-06-24,MRVL,Marvell Technology,Compute,6.26,1.11,5.15,Leader,3
2025-06-24,DUOL,Duolingo,Application,-5.74,1.11,-6.85,Laggard,1
2025-06-24,CRWD,CrowdStrike,Application,-1.31,1.11,-2.42,Laggard,2
2025-06-24,ZM,Zoom,Application,-1.06,1.11,-2.17,Laggard,3
2025-06-23,ANET,Arista Networks,Compute,6.61,0.96,5.65,Leader,1
2025-06-23,SHOP,Shopify,Application,3.36,0.96,2.4,Leader,2
2025-06-23,CRWD,CrowdStrike,Application,3.26,0.96,2.3,Leader,3
2025-06-23,SMCI,Super Micro Computer,Compute,-9.77,0.96,-10.74,Laggard,1
2025-06-23,DUOL,Duolingo,Application,-4.88,0.96,-5.84,Laggard,2
2025-06-23,MRVL,Marvell Technology,Compute,-3.71,0.96,-4.67,Laggard,3
2025-06-20,DELL,Dell Technologies,Compute,2.41,-0.22,2.63,Leader,1
2025-06-20,SMCI,Super Micro Computer,Compute,1.91,-0.22,2.13,Leader,2
2025-06-20,MU,Micron,Compute,1.46,-0.22,1.68,Leader,3
2025-06-20,ANET,Arista Networks,Compute,-4.42,-0.22,-4.2,Laggard,1
2025-06-20,GOOGL,Alphabet,Platform,-3.85,-0.22,-3.64,Laggard,2
2025-06-20,U,Unity Software,Application,-3.51,-0.22,-3.3,Laggard,3
2025-06-18,MRVL,Marvell Technology,Compute,7.09,-0.03,7.12,Leader,1
2025-06-18,DDOG,Datadog,Platform,4.17,-0.03,4.2,Leader,2
2025-06-18,INTC,Intel,Compute,3.32,-0.03,3.35,Leader,3
2025-06-18,WDAY,Workday,Application,-2.4,-0.03,-2.37,Laggard,1
2025-06-18,NOW,ServiceNow,Platform,-2.27,-0.03,-2.24,Laggard,2
2025-06-18,HUBS,HubSpot,Application,-1.87,-0.03,-1.84,Laggard,3
2025-06-17,ESTC,Elastic,Platform,3.55,-0.84,4.38,Leader,1
2025-06-17,CRWD,CrowdStrike,Application,2.64,-0.84,3.47,Leader,2
2025-06-17,DDOG,Datadog,Platform,2.39,-0.84,3.22,Leader,3
2025-06-17,ANET,Arista Networks,Compute,-5.69,-0.84,-4.85,Laggard,1
2025-06-17,ADBE,Adobe,Application,-4.74,-0.84,-3.91,Laggard,2
2025-06-17,U,Unity Software,Application,-3.48,-0.84,-2.65,Laggard,3
2025-06-16,AMD,AMD,Compute,8.81,0.94,7.87,Leader,1
2025-06-16,ON,ON Semiconductor,Compute,5.61,0.94,4.67,Leader,2
2025-06-16,SMCI,Super Micro Computer,Compute,5.13,0.94,4.19,Leader,3
2025-06-16,ORCL,Oracle,Platform,-1.91,0.94,-2.85,Laggard,1
2025-06-16,MDB,MongoDB,Platform,-1.52,0.94,-2.46,Laggard,2
2025-06-16,HUBS,HubSpot,Application,-0.91,0.94,-1.84,Laggard,3
2025-06-13,ORCL,Oracle,Platform,7.69,-1.13,8.82,Leader,1
2025-06-13,PLTR,Palantir,Platform,1.63,-1.13,2.76,Leader,2
2025-06-13,NET,Cloudflare,Platform,0.68,-1.13,1.81,Leader,3
2025-06-13,GTLB,GitLab,Platform,-5.67,-1.13,-4.54,Laggard,1
2025-06-13,ADBE,Adobe,Application,-5.32,-1.13,-4.19,Laggard,2
2025-06-13,U,Unity Software,Application,-5.28,-1.13,-4.15,Laggard,3
2025-06-12,ORCL,Oracle,Platform,13.31,0.38,12.93,Leader,1
2025-06-12,DDOG,Datadog,Platform,3.41,0.38,3.03,Leader,2
2025-06-12,U,Unity Software,Application,3.1,0.38,2.71,Leader,3
2025-06-12,NET,Cloudflare,Platform,-4.95,0.38,-5.33,Laggard,1
2025-06-12,SHOP,Shopify,Application,-4.31,0.38,-4.69,Laggard,2
2025-06-12,PATH,UiPath,Application,-2.39,0.38,-2.77,Laggard,3
2025-06-11,SHOP,Shopify,Application,3.51,-0.27,3.78,Leader,1
2025-06-11,AVGO,Broadcom,Compute,3.38,-0.27,3.66,Leader,2
2025-06-11,PLTR,Palantir,Platform,2.7,-0.27,2.97,Leader,3
2025-06-11,GTLB,GitLab,Platform,-10.6,-0.27,-10.32,Laggard,1
2025-06-11,INTC,Intel,Compute,-6.34,-0.27,-6.07,Laggard,2
2025-06-11,TEAM,Atlassian,Platform,-5.42,-0.27,-5.15,Laggard,3
2025-06-10,INTC,Intel,Compute,7.81,0.55,7.26,Leader,1
2025-06-10,MU,Micron,Compute,2.88,0.55,2.33,Leader,2
2025-06-10,GFS,GlobalFoundries,Compute,2.81,0.55,2.26,Leader,3
2025-06-10,HUBS,HubSpot,Application,-3.96,0.55,-4.51,Laggard,1
2025-06-10,ANET,Arista Networks,Compute,-3.2,0.55,-3.75,Laggard,2
2025-06-10,DUOL,Duolingo,Application,-2.39,0.55,-2.94,Laggard,3
2025-06-09,AMD,AMD,Compute,4.77,0.09,4.68,Leader,1
2025-06-09,ON,ON Semiconductor,Compute,4.41,0.09,4.31,Leader,2
2025-06-09,DOCU,DocuSign,Application,4.38,0.09,4.29,Leader,3
2025-06-09,OKTA,Okta,Platform,-3.69,0.09,-3.78,Laggard,1
2025-06-09,SHOP,Shopify,Application,-3.24,0.09,-3.33,Laggard,2
2025-06-09,DUOL,Duolingo,Application,-2.93,0.09,-3.02,Laggard,3
2025-06-06,PLTR,Palantir,Platform,6.51,1.03,5.49,Leader,1
2025-06-06,SHOP,Shopify,Application,6.07,1.03,5.05,Leader,2
2025-06-06,MRVL,Marvell Technology,Compute,4.9,1.03,3.87,Leader,3
2025-06-06,DOCU,DocuSign,Application,-18.97,1.03,-19.99,Laggard,1
2025-06-06,AVGO,Broadcom,Compute,-5.0,1.03,-6.03,Laggard,2
2025-06-06,MDB,MongoDB,Platform,-2.32,1.03,-3.35,Laggard,3
2025-06-05,MDB,MongoDB,Platform,12.84,-0.53,13.37,Leader,1
2025-06-05,TEAM,Atlassian,Platform,3.64,-0.53,4.17,Leader,2
2025-06-05,NET,Cloudflare,Platform,3.17,-0.53,3.69,Leader,3
2025-06-05,PLTR,Palantir,Platform,-7.77,-0.53,-7.24,Laggard,1
2025-06-05,SMCI,Super Micro Computer,Compute,-7.61,-0.53,-7.09,Laggard,2
2025-06-05,U,Unity Software,Application,-4.87,-0.53,-4.35,Laggard,3
2025-06-04,MRVL,Marvell Technology,Compute,6.32,0.01,6.31,Leader,1
2025-06-04,ON,ON Semiconductor,Compute,6.14,0.01,6.14,Leader,2
2025-06-04,META,Meta,Platform,3.16,0.01,3.16,Leader,3
2025-06-04,CRWD,CrowdStrike,Application,-5.77,0.01,-5.78,Laggard,1
2025-06-04,PLTR,Palantir,Platform,-2.37,0.01,-2.38,Laggard,2
2025-06-04,SHOP,Shopify,Application,-1.46,0.01,-1.46,Laggard,3
2025-06-03,ON,ON Semiconductor,Compute,11.35,0.58,10.77,Leader,1
2025-06-03,ANET,Arista Networks,Compute,5.26,0.58,4.68,Leader,2
2025-06-03,SMCI,Super Micro Computer,Compute,4.83,0.58,4.25,Leader,3
2025-06-03,DUOL,Duolingo,Application,-2.56,0.58,-3.14,Laggard,1
2025-06-03,TWLO,Twilio,Platform,-1.77,0.58,-2.35,Laggard,2
2025-06-03,GOOGL,Alphabet,Platform,-1.69,0.58,-2.27,Laggard,3
2025-06-02,ZS,Zscaler,Application,6.34,0.41,5.93,Leader,1
2025-06-02,MU,Micron,Compute,3.94,0.41,3.53,Leader,2
2025-06-02,ANET,Arista Networks,Compute,3.62,0.41,3.21,Leader,3
2025-06-02,PATH,UiPath,Application,-6.16,0.41,-6.57,Laggard,1
2025-06-02,DELL,Dell Technologies,Compute,-2.87,0.41,-3.28,Laggard,2
2025-06-02,ADBE,Adobe,Application,-2.82,0.41,-3.23,Laggard,3
2025-05-30,ZS,Zscaler,Application,9.79,-0.01,9.8,Leader,1
2025-05-30,U,Unity Software,Application,9.72,-0.01,9.73,Leader,2
2025-05-30,PLTR,Palantir,Platform,7.73,-0.01,7.74,Leader,3
2025-05-30,ESTC,Elastic,Platform,-12.13,-0.01,-12.12,Laggard,1
2025-05-30,MRVL,Marvell Technology,Compute,-5.55,-0.01,-5.55,Laggard,2
2025-05-30,INTC,Intel,Compute,-3.46,-0.01,-3.45,Laggard,3
2025-05-29,NVDA,NVIDIA,Compute,3.25,0.4,2.85,Leader,1
2025-05-29,CFLT,Confluent,Platform,1.94,0.4,1.54,Leader,2
2025-05-29,NET,Cloudflare,Platform,1.35,0.4,0.94,Leader,3
2025-05-29,ANET,Arista Networks,Compute,-6.92,0.4,-7.32,Laggard,1
2025-05-29,HUBS,HubSpot,Application,-6.27,0.4,-6.67,Laggard,2
2025-05-29,TEAM,Atlassian,Platform,-4.27,0.4,-4.67,Laggard,3
2025-05-28,U,Unity Software,Application,12.52,-0.56,13.07,Leader,1
2025-05-28,PATH,UiPath,Application,2.13,-0.56,2.69,Leader,2
2025-05-28,AVGO,Broadcom,Compute,1.6,-0.56,2.16,Leader,3
2025-05-28,OKTA,Okta,Platform,-16.16,-0.56,-15.6,Laggard,1
2025-05-28,CDNS,Cadence Design Systems,Compute,-10.67,-0.56,-10.11,Laggard,2
2025-05-28,SNPS,Synopsys,Compute,-9.64,-0.56,-9.09,Laggard,3
2025-05-27,ON,ON Semiconductor,Compute,5.16,2.05,3.12,Leader,1
2025-05-27,MRVL,Marvell Technology,Compute,5.16,2.05,3.11,Leader,2
2025-05-27,SHOP,Shopify,Application,5.15,2.05,3.11,Leader,3
2025-05-27,ZM,Zoom,Application,-0.48,2.05,-2.53,Laggard,1
2025-05-27,PLTR,Palantir,Platform,0.06,2.05,-1.98,Laggard,2
2025-05-27,HUBS,HubSpot,Application,0.25,2.05,-1.79,Laggard,3
2025-05-23,INTU,Intuit,Application,8.12,-0.67,8.79,Leader,1
2025-05-23,CRWD,CrowdStrike,Application,2.59,-0.67,3.27,Leader,2
2025-05-23,PLTR,Palantir,Platform,0.83,-0.67,1.5,Leader,3
2025-05-23,WDAY,Workday,Application,-12.52,-0.67,-11.85,Laggard,1
2025-05-23,U,Unity Software,Application,-5.08,-0.67,-4.41,Laggard,2
2025-05-23,CRM,Salesforce,Application,-3.63,-0.67,-2.96,Laggard,3
2025-05-22,SNOW,Snowflake,Platform,13.43,-0.04,13.48,Leader,1
2025-05-22,U,Unity Software,Application,5.05,-0.04,5.09,Leader,2
2025-05-22,CFLT,Confluent,Platform,3.99,-0.04,4.03,Leader,3
2025-05-22,ON,ON Semiconductor,Compute,-3.14,-0.04,-3.09,Laggard,1
2025-05-22,QCOM,Qualcomm,Compute,-2.6,-0.04,-2.56,Laggard,2
2025-05-22,AMD,AMD,Compute,-1.2,-0.04,-1.16,Laggard,3
2025-05-21,GOOGL,Alphabet,Platform,2.79,-1.61,4.41,Leader,1
2025-05-21,META,Meta,Platform,-0.25,-1.61,1.36,Leader,2
2025-05-21,NET,Cloudflare,Platform,-0.57,-1.61,1.04,Leader,3
2025-05-21,U,Unity Software,Application,-6.39,-1.61,-4.77,Laggard,1
2025-05-21,GTLB,GitLab,Platform,-5.1,-1.61,-3.49,Laggard,2
2025-05-21,DOCU,DocuSign,Application,-4.79,-1.61,-3.18,Laggard,3
2025-05-20,GTLB,GitLab,Platform,2.47,-0.39,2.86,Leader,1
2025-05-20,ESTC,Elastic,Platform,2.04,-0.39,2.43,Leader,2
2025-05-20,HPE,Hewlett Packard Enterprise,Compute,1.49,-0.39,1.88,Leader,3
2025-05-20,SMCI,Super Micro Computer,Compute,-4.51,-0.39,-4.12,Laggard,1
2025-05-20,SHOP,Shopify,Application,-2.45,-0.39,-2.06,Laggard,2
2025-05-20,MRVL,Marvell Technology,Compute,-1.82,-0.39,-1.43,Laggard,3
2025-05-19,CRWD,CrowdStrike,Application,1.16,0.09,1.07,Leader,1
2025-05-19,MSFT,Microsoft,Platform,1.01,0.09,0.93,Leader,2
2025-05-19,AVGO,Broadcom,Compute,0.88,0.09,0.8,Leader,3
2025-05-19,GTLB,GitLab,Platform,-4.93,0.09,-5.02,Laggard,1
2025-05-19,SMCI,Super Micro Computer,Compute,-2.95,0.09,-3.03,Laggard,2
2025-05-19,CFLT,Confluent,Platform,-2.88,0.09,-2.97,Laggard,3
2025-05-16,U,Unity Software,Application,7.49,0.7,6.79,Leader,1
2025-05-16,SMCI,Super Micro Computer,Compute,4.98,0.7,4.28,Leader,2
2025-05-16,ADBE,Adobe,Application,3.07,0.7,2.37,Leader,3
2025-05-16,MRVL,Marvell Technology,Compute,-2.21,0.7,-2.91,Laggard,1
2025-05-16,AVGO,Broadcom,Compute,-1.73,0.7,-2.43,Laggard,2
2025-05-16,ASML,ASML,Compute,-1.35,0.7,-2.05,Laggard,3
2025-05-15,IBM,IBM,Platform,3.44,0.41,3.02,Leader,1
2025-05-15,WDAY,Workday,Application,1.31,0.41,0.89,Leader,2
2025-05-15,ADBE,Adobe,Application,1.31,0.41,0.89,Leader,3
2025-05-15,CFLT,Confluent,Platform,-3.32,0.41,-3.73,Laggard,1
2025-05-15,GTLB,GitLab,Platform,-3.03,0.41,-3.45,Laggard,2
2025-05-15,AMZN,Amazon,Platform,-2.42,0.41,-2.83,Laggard,3
2025-05-14,SMCI,Super Micro Computer,Compute,15.71,0.1,15.61,Leader,1
2025-05-14,AMD,AMD,Compute,4.68,0.1,4.57,Leader,2
2025-05-14,NVDA,NVIDIA,Compute,4.16,0.1,4.06,Leader,3
2025-05-14,INTC,Intel,Compute,-4.61,0.1,-4.71,Laggard,1
2025-05-14,TEAM,Atlassian,Platform,-2.02,0.1,-2.12,Laggard,2
2025-05-14,U,Unity Software,Application,-1.87,0.1,-1.97,Laggard,3
2025-05-13,SMCI,Super Micro Computer,Compute,16.02,0.72,15.3,Leader,1
2025-05-13,PLTR,Palantir,Platform,8.14,0.72,7.41,Leader,2
2025-05-13,NVDA,NVIDIA,Compute,5.63,0.72,4.91,Leader,3
2025-05-13,INTU,Intuit,Application,-0.83,0.72,-1.56,Laggard,1
2025-05-13,QCOM,Qualcomm,Compute,-0.51,0.72,-1.24,Laggard,2
2025-05-13,OKTA,Okta,Platform,-0.1,0.72,-0.82,Laggard,3
2025-05-12,SHOP,Shopify,Application,13.7,3.26,10.44,Leader,1
2025-05-12,HUBS,HubSpot,Application,9.88,3.26,6.62,Leader,2
2025-05-12,ON,ON Semiconductor,Compute,8.88,3.26,5.63,Leader,3
2025-05-12,PLTR,Palantir,Platform,0.99,3.26,-2.27,Laggard,1
2025-05-12,DUOL,Duolingo,Application,0.99,3.26,-2.27,Laggard,2
2025-05-12,INTU,Intuit,Application,1.29,3.26,-1.97,Laggard,3
2025-05-09,NET,Cloudflare,Platform,6.46,-0.07,6.53,Leader,1
2025-05-09,MRVL,Marvell Technology,Compute,3.51,-0.07,3.58,Leader,2
2025-05-09,ON,ON Semiconductor,Compute,3.04,-0.07,3.11,Leader,3
2025-05-09,AKAM,Akamai Technologies,Platform,-10.76,-0.07,-10.68,Laggard,1
2025-05-09,HUBS,HubSpot,Application,-8.68,-0.07,-8.61,Laggard,2
2025-05-09,CRWD,CrowdStrike,Application,-4.21,-0.07,-4.14,Laggard,3
2025-05-08,PLTR,Palantir,Platform,7.85,0.58,7.27,Leader,1
2025-05-08,GTLB,GitLab,Platform,5.2,0.58,4.62,Leader,2
2025-05-08,INTC,Intel,Compute,3.4,0.58,2.82,Leader,3
2025-05-08,SMCI,Super Micro Computer,Compute,-1.14,0.58,-1.72,Laggard,1
2025-05-08,NOW,ServiceNow,Platform,-0.89,0.58,-1.47,Laggard,2
2025-05-08,SHOP,Shopify,Application,-0.53,0.58,-1.11,Laggard,3
2025-05-07,CFLT,Confluent,Platform,3.55,0.43,3.11,Leader,1
2025-05-07,QCOM,Qualcomm,Compute,3.15,0.43,2.71,Leader,2
2025-05-07,NVDA,NVIDIA,Compute,3.1,0.43,2.67,Leader,3
2025-05-07,MRVL,Marvell Technology,Compute,-8.02,0.43,-8.45,Laggard,1
2025-05-07,GOOGL,Alphabet,Platform,-7.26,0.43,-7.69,Laggard,2
2025-05-07,ANET,Arista Networks,Compute,-4.76,0.43,-5.19,Laggard,3
2025-05-06,SMCI,Super Micro Computer,Compute,2.39,-0.77,3.16,Leader,1
2025-05-06,GTLB,GitLab,Platform,2.22,-0.77,2.99,Leader,2
2025-05-06,OKTA,Okta,Platform,1.18,-0.77,1.94,Leader,3
2025-05-06,PLTR,Palantir,Platform,-12.05,-0.77,-11.28,Laggard,1
2025-05-06,SHOP,Shopify,Application,-4.62,-0.77,-3.86,Laggard,2
2025-05-06,GFS,GlobalFoundries,Compute,-2.7,-0.77,-1.93,Laggard,3
2025-05-05,TWLO,Twilio,Platform,2.94,-0.64,3.57,Leader,1
2025-05-05,OKTA,Okta,Platform,2.49,-0.64,3.13,Leader,2
2025-05-05,AMD,AMD,Compute,1.81,-0.64,2.45,Leader,3
2025-05-05,ON,ON Semiconductor,Compute,-8.35,-0.64,-7.71,Laggard,1
2025-05-05,SMCI,Super Micro Computer,Compute,-4.57,-0.64,-3.93,Laggard,2
2025-05-05,GTLB,GitLab,Platform,-2.3,-0.64,-1.66,Laggard,3
2025-05-02,DUOL,Duolingo,Application,21.61,1.47,20.13,Leader,1
2025-05-02,PLTR,Palantir,Platform,6.95,1.47,5.48,Leader,2
2025-05-02,ON,ON Semiconductor,Compute,5.83,1.47,4.36,Leader,3
2025-05-02,TEAM,Atlassian,Platform,-8.99,1.47,-10.46,Laggard,1
2025-05-02,ESTC,Elastic,Platform,-3.92,1.47,-5.39,Laggard,2
2025-05-02,DDOG,Datadog,Platform,-1.24,1.47,-2.71,Laggard,3
2025-05-01,MSFT,Microsoft,Platform,7.63,0.63,7.0,Leader,1
2025-05-01,ANET,Arista Networks,Compute,6.77,0.63,6.14,Leader,2
2025-05-01,MRVL,Marvell Technology,Compute,4.42,0.63,3.79,Leader,3
2025-05-01,CFLT,Confluent,Platform,-18.35,0.63,-18.98,Laggard,1
2025-05-01,QCOM,Qualcomm,Compute,-8.92,0.63,-9.55,Laggard,2
2025-05-01,PLTR,Palantir,Platform,-1.89,0.63,-2.52,Laggard,3
2025-04-30,ON,ON Semiconductor,Compute,2.16,0.15,2.01,Leader,1
2025-04-30,PLTR,Palantir,Platform,2.03,0.15,1.89,Leader,2
2025-04-30,ANET,Arista Networks,Compute,1.91,0.15,1.76,Leader,3
2025-04-30,SMCI,Super Micro Computer,Compute,-11.5,0.15,-11.65,Laggard,1
2025-04-30,U,Unity Software,Application,-5.56,0.15,-5.71,Laggard,2
2025-04-30,SHOP,Shopify,Application,-3.96,0.15,-4.11,Laggard,3
2025-04-29,OKTA,Okta,Platform,7.4,0.58,6.82,Leader,1
2025-04-29,CDNS,Cadence Design Systems,Compute,5.77,0.58,5.19,Leader,2
2025-04-29,SNPS,Synopsys,Compute,3.78,0.58,3.2,Leader,3
2025-04-29,SMCI,Super Micro Computer,Compute,-3.41,0.58,-3.99,Laggard,1
2025-04-29,ON,ON Semiconductor,Compute,-2.95,0.58,-3.53,Laggard,2
2025-04-29,MU,Micron,Compute,-2.14,0.58,-2.72,Laggard,3
2025-04-28,INTC,Intel,Compute,2.29,0.06,2.23,Leader,1
2025-04-28,SMCI,Super Micro Computer,Compute,2.19,0.06,2.13,Leader,2
2025-04-28,ZS,Zscaler,Application,1.99,0.06,1.92,Leader,3
2025-04-28,NVDA,NVIDIA,Compute,-2.05,0.06,-2.12,Laggard,1
2025-04-28,MU,Micron,Compute,-1.53,0.06,-1.59,Laggard,2
2025-04-28,U,Unity Software,Application,-1.47,0.06,-1.53,Laggard,3
2025-04-25,PLTR,Palantir,Platform,4.64,0.74,3.9,Leader,1
2025-04-25,NVDA,NVIDIA,Compute,4.3,0.74,3.57,Leader,2
2025-04-25,CFLT,Confluent,Platform,3.74,0.74,3.0,Leader,3
2025-04-25,INTC,Intel,Compute,-6.7,0.74,-7.44,Laggard,1
2025-04-25,ON,ON Semiconductor,Compute,-0.83,0.74,-1.56,Laggard,2
2025-04-25,ADSK,Autodesk,Application,-0.66,0.74,-1.39,Laggard,3
2025-04-24,NOW,ServiceNow,Platform,15.49,2.03,13.46,Leader,1
2025-04-24,ON,ON Semiconductor,Compute,9.12,2.03,7.09,Leader,2
2025-04-24,SMCI,Super Micro Computer,Compute,8.84,2.03,6.82,Leader,3
2025-04-24,IBM,IBM,Platform,-6.58,2.03,-8.6,Laggard,1
2025-04-24,DUOL,Duolingo,Application,1.36,2.03,-0.67,Laggard,2
2025-04-23,DUOL,Duolingo,Application,10.01,1.67,8.34,Leader,1
2025-04-23,SMCI,Super Micro Computer,Compute,7.59,1.67,5.92,Leader,2
2025-04-23,PLTR,Palantir,Platform,7.27,1.67,5.6,Leader,3
2025-04-23,ADBE,Adobe,Application,0.59,1.67,-1.08,Laggard,1
2025-04-23,QCOM,Qualcomm,Compute,1.24,1.67,-0.43,Laggard,2
2025-04-23,ADSK,Autodesk,Application,1.26,1.67,-0.4,Laggard,3
2025-04-22,DUOL,Duolingo,Application,6.41,2.51,3.9,Leader,1
2025-04-22,MU,Micron,Compute,5.2,2.51,2.69,Leader,2
2025-04-22,SHOP,Shopify,Application,4.99,2.51,2.47,Leader,3
2025-04-22,MDB,MongoDB,Platform,0.32,2.51,-2.2,Laggard,1
2025-04-22,AMD,AMD,Compute,0.82,2.51,-1.69,Laggard,2
2025-04-22,ESTC,Elastic,Platform,0.95,2.51,-1.56,Laggard,3
2025-04-21,ON,ON Semiconductor,Compute,0.29,-2.36,2.65,Leader,1
2025-04-21,U,Unity Software,Application,0.1,-2.36,2.46,Leader,2
2025-04-21,QCOM,Qualcomm,Compute,-0.38,-2.36,1.98,Leader,3
2025-04-21,SMCI,Super Micro Computer,Compute,-6.35,-2.36,-3.99,Laggard,1
2025-04-21,OKTA,Okta,Platform,-5.59,-2.36,-3.23,Laggard,2
2025-04-21,NET,Cloudflare,Platform,-5.37,-2.36,-3.01,Laggard,3
2025-04-17,U,Unity Software,Application,1.8,0.13,1.67,Leader,1
2025-04-17,HPE,Hewlett Packard Enterprise,Compute,1.75,0.13,1.61,Leader,2
2025-04-17,GTLB,GitLab,Platform,1.73,0.13,1.6,Leader,3
2025-04-17,NOW,ServiceNow,Platform,-3.08,0.13,-3.21,Laggard,1
2025-04-17,WDAY,Workday,Application,-2.94,0.13,-3.07,Laggard,2
2025-04-17,NVDA,NVIDIA,Compute,-2.87,0.13,-3.0,Laggard,3
2025-04-16,MDB,MongoDB,Platform,0.92,-2.24,3.16,Leader,1
2025-04-16,DUOL,Duolingo,Application,0.38,-2.24,2.62,Leader,2
2025-04-16,NET,Cloudflare,Platform,0.38,-2.24,2.62,Leader,3
2025-04-16,AMD,AMD,Compute,-7.35,-2.24,-5.11,Laggard,1
2025-04-16,ASML,ASML,Compute,-7.06,-2.24,-4.82,Laggard,2
2025-04-16,NVDA,NVIDIA,Compute,-6.87,-2.24,-4.63,Laggard,3
2025-04-15,PLTR,Palantir,Platform,6.24,-0.17,6.41,Leader,1
2025-04-15,HPE,Hewlett Packard Enterprise,Compute,5.11,-0.17,5.28,Leader,2
2025-04-15,CRWD,CrowdStrike,Application,3.73,-0.17,3.91,Leader,3
2025-04-15,INTC,Intel,Compute,-2.26,-0.17,-2.09,Laggard,1
2025-04-15,META,Meta,Platform,-1.87,-0.17,-1.7,Laggard,2
2025-04-15,GOOGL,Alphabet,Platform,-1.74,-0.17,-1.56,Laggard,3
2025-04-14,PLTR,Palantir,Platform,4.6,0.79,3.8,Leader,1
2025-04-14,DELL,Dell Technologies,Compute,3.98,0.79,3.18,Leader,2
2025-04-14,INTC,Intel,Compute,2.89,0.79,2.09,Leader,3
2025-04-14,U,Unity Software,Application,-5.56,0.79,-6.36,Laggard,1
2025-04-14,MDB,MongoDB,Platform,-2.59,0.79,-3.38,Laggard,2
2025-04-14,META,Meta,Platform,-2.22,0.79,-3.02,Laggard,3
2025-04-11,AVGO,Broadcom,Compute,5.59,1.81,3.79,Leader,1
2025-04-11,AMD,AMD,Compute,5.3,1.81,3.49,Leader,2
2025-04-11,TSM,TSMC,Compute,3.94,1.81,2.13,Leader,3
2025-04-11,GTLB,GitLab,Platform,-2.47,1.81,-4.28,Laggard,1
2025-04-11,SMCI,Super Micro Computer,Compute,-1.57,1.81,-3.38,Laggard,2
2025-04-11,GFS,GlobalFoundries,Compute,-1.42,1.81,-3.23,Laggard,3
2025-04-10,OKTA,Okta,Platform,-0.1,-3.46,3.36,Leader,1
2025-04-10,MSFT,Microsoft,Platform,-2.34,-3.46,1.12,Leader,2
2025-04-10,IBM,IBM,Platform,-2.45,-3.46,1.01,Leader,3
2025-04-10,MRVL,Marvell Technology,Compute,-13.27,-3.46,-9.81,Laggard,1
2025-04-10,ON,ON Semiconductor,Compute,-11.02,-3.46,-7.56,Laggard,2
2025-04-10,MU,Micron,Compute,-10.04,-3.46,-6.58,Laggard,3
2025-04-09,AMD,AMD,Compute,23.82,9.52,14.31,Leader,1
2025-04-09,ON,ON Semiconductor,Compute,22.69,9.52,13.18,Leader,2
2025-04-09,MRVL,Marvell Technology,Compute,21.85,9.52,12.33,Leader,3
2025-04-09,IBM,IBM,Platform,6.46,9.52,-3.05,Laggard,1
2025-04-09,ADBE,Adobe,Application,7.25,9.52,-2.27,Laggard,2
2025-04-09,ZM,Zoom,Application,7.69,9.52,-1.82,Laggard,3
2025-04-08,ANET,Arista Networks,Compute,1.95,-1.57,3.52,Leader,1
2025-04-08,SNOW,Snowflake,Platform,1.88,-1.57,3.45,Leader,2
2025-04-08,AVGO,Broadcom,Compute,1.23,-1.57,2.8,Leader,3
2025-04-08,ON,ON Semiconductor,Compute,-8.92,-1.57,-7.35,Laggard,1
2025-04-08,INTC,Intel,Compute,-7.36,-1.57,-5.79,Laggard,2
2025-04-08,AMD,AMD,Compute,-6.49,-1.57,-4.92,Laggard,3
2025-04-07,SMCI,Super Micro Computer,Compute,10.66,-0.23,10.9,Leader,1
2025-04-07,ANET,Arista Networks,Compute,5.9,-0.23,6.14,Leader,2
2025-04-07,MU,Micron,Compute,5.64,-0.23,5.87,Leader,3
2025-04-07,MDB,MongoDB,Platform,-4.54,-0.23,-4.31,Laggard,1
2025-04-07,AKAM,Akamai Technologies,Platform,-3.75,-0.23,-3.51,Laggard,2
2025-04-07,PATH,UiPath,Application,-2.49,-0.23,-2.26,Laggard,3
2025-04-04,PATH,UiPath,Application,-2.14,-5.97,3.83,Leader,1
2025-04-04,ASML,ASML,Compute,-2.84,-5.97,3.14,Leader,2
2025-04-04,GTLB,GitLab,Platform,-3.39,-5.97,2.59,Leader,3
2025-04-04,MU,Micron,Compute,-12.94,-5.97,-6.97,Laggard,1
2025-04-04,INTC,Intel,Compute,-11.5,-5.97,-5.53,Laggard,2
2025-04-04,PLTR,Palantir,Platform,-11.47,-5.97,-5.5,Laggard,3
2025-04-03,INTC,Intel,Compute,2.05,-4.84,6.89,Leader,1
2025-04-03,MSFT,Microsoft,Platform,-2.36,-4.84,2.48,Leader,2
2025-04-03,ZM,Zoom,Application,-2.39,-4.84,2.45,Leader,3
2025-04-03,DELL,Dell Technologies,Compute,-18.99,-4.84,-14.15,Laggard,1
2025-04-03,SHOP,Shopify,Application,-18.24,-4.84,-13.4,Laggard,2
2025-04-03,MU,Micron,Compute,-16.09,-4.84,-11.26,Laggard,3
2025-04-02,DELL,Dell Technologies,Compute,3.66,0.67,2.99,Leader,1
2025-04-02,U,Unity Software,Application,3.57,0.67,2.89,Leader,2
2025-04-02,TEAM,Atlassian,Platform,3.49,0.67,2.82,Leader,3
2025-04-02,META,Meta,Platform,-0.35,0.67,-1.03,Laggard,1
2025-04-02,INTC,Intel,Compute,-0.32,0.67,-0.99,Laggard,2
2025-04-02,IBM,IBM,Platform,-0.14,0.67,-0.82,Laggard,3
2025-04-01,DUOL,Duolingo,Application,5.42,0.38,5.04,Leader,1
2025-04-01,U,Unity Software,Application,3.06,0.38,2.68,Leader,2
2025-04-01,CRWD,CrowdStrike,Application,2.78,0.38,2.4,Leader,3
2025-04-01,INTC,Intel,Compute,-2.91,0.38,-3.28,Laggard,1
2025-04-01,GFS,GlobalFoundries,Compute,-2.52,0.38,-2.9,Laggard,2
2025-04-01,ON,ON Semiconductor,Compute,-1.2,0.38,-1.58,Laggard,3
2025-03-31,INTU,Intuit,Application,2.52,0.55,1.96,Leader,1
2025-03-31,IBM,IBM,Platform,1.91,0.55,1.36,Leader,2
2025-03-31,QCOM,Qualcomm,Compute,0.58,0.55,0.03,Leader,3
2025-03-31,U,Unity Software,Application,-4.63,0.55,-5.18,Laggard,1
2025-03-31,ZS,Zscaler,Application,-4.21,0.55,-4.76,Laggard,2
2025-03-31,CFLT,Confluent,Platform,-3.66,0.55,-4.21,Laggard,3
2025-03-28,IBM,IBM,Platform,-0.9,-1.97,1.08,Leader,1
2025-03-28,HPE,Hewlett Packard Enterprise,Compute,-0.94,-1.97,1.03,Leader,2
2025-03-28,ZS,Zscaler,Application,-1.1,-1.97,0.87,Leader,3
2025-03-28,ON,ON Semiconductor,Compute,-6.44,-1.97,-4.47,Laggard,1
2025-03-28,SHOP,Shopify,Application,-5.7,-1.97,-3.72,Laggard,2
2025-03-28,MDB,MongoDB,Platform,-5.62,-1.97,-3.65,Laggard,3
2025-03-27,DELL,Dell Technologies,Compute,0.87,-0.33,1.2,Leader,1
2025-03-27,INTC,Intel,Compute,0.85,-0.33,1.18,Leader,2
2025-03-27,DUOL,Duolingo,Application,0.52,-0.33,0.85,Leader,3
2025-03-27,SMCI,Super Micro Computer,Compute,-6.26,-0.33,-5.93,Laggard,1
2025-03-27,ESTC,Elastic,Platform,-4.33,-0.33,-4.0,Laggard,2
2025-03-27,AVGO,Broadcom,Compute,-4.06,-0.33,-3.73,Laggard,3
2025-03-26,IBM,IBM,Platform,0.18,-1.12,1.29,Leader,1
2025-03-26,ZM,Zoom,Application,-0.45,-1.12,0.67,Leader,2
2025-03-26,AKAM,Akamai Technologies,Platform,-0.46,-1.12,0.65,Leader,3
2025-03-26,SMCI,Super Micro Computer,Compute,-8.86,-1.12,-7.74,Laggard,1
2025-03-26,MRVL,Marvell Technology,Compute,-6.85,-1.12,-5.74,Laggard,2
2025-03-26,ANET,Arista Networks,Compute,-6.07,-1.12,-4.96,Laggard,3
2025-03-25,CRWD,CrowdStrike,Application,3.3,0.16,3.15,Leader,1
2025-03-25,DUOL,Duolingo,Application,3.18,0.16,3.02,Leader,2
2025-03-25,NET,Cloudflare,Platform,2.88,0.16,2.72,Leader,3
2025-03-25,MU,Micron,Compute,-2.85,0.16,-3.0,Laggard,1
2025-03-25,SMCI,Super Micro Computer,Compute,-2.59,0.16,-2.75,Laggard,2
2025-03-25,GFS,GlobalFoundries,Compute,-1.79,0.16,-1.94,Laggard,3
2025-03-24,AMD,AMD,Compute,6.96,1.76,5.2,Leader,1
2025-03-24,DUOL,Duolingo,Application,6.69,1.76,4.93,Leader,2
2025-03-24,PLTR,Palantir,Platform,6.37,1.76,4.6,Leader,3
2025-03-24,SMCI,Super Micro Computer,Compute,-1.02,1.76,-2.78,Laggard,1
2025-03-24,AVGO,Broadcom,Compute,-0.21,1.76,-1.98,Laggard,2
2025-03-24,INTC,Intel,Compute,-0.16,1.76,-1.93,Laggard,3
2025-03-21,SMCI,Super Micro Computer,Compute,7.8,0.08,7.72,Leader,1
2025-03-21,PLTR,Palantir,Platform,4.09,0.08,4.0,Leader,2
2025-03-21,DOCU,DocuSign,Application,3.47,0.08,3.38,Leader,3
2025-03-21,MU,Micron,Compute,-8.04,0.08,-8.12,Laggard,1
2025-03-21,ASML,ASML,Compute,-2.43,0.08,-2.51,Laggard,2
2025-03-21,CRWD,CrowdStrike,Application,-1.84,0.08,-1.92,Laggard,3
2025-03-20,TSM,TSMC,Compute,2.14,-0.22,2.35,Leader,1
2025-03-20,DUOL,Duolingo,Application,1.68,-0.22,1.9,Leader,2
2025-03-20,PLTR,Palantir,Platform,1.5,-0.22,1.72,Leader,3
2025-03-20,IBM,IBM,Platform,-3.56,-0.22,-3.34,Laggard,1
2025-03-20,SMCI,Super Micro Computer,Compute,-2.49,-0.22,-2.28,Laggard,2
2025-03-20,U,Unity Software,Application,-2.46,-0.22,-2.24,Laggard,3
2025-03-19,SHOP,Shopify,Application,8.01,1.08,6.93,Leader,1
2025-03-19,SMCI,Super Micro Computer,Compute,5.8,1.08,4.72,Leader,2
2025-03-19,TEAM,Atlassian,Platform,4.74,1.08,3.66,Leader,3
2025-03-19,INTC,Intel,Compute,-6.94,1.08,-8.02,Laggard,1
2025-03-19,ADBE,Adobe,Application,-0.89,1.08,-1.97,Laggard,2
2025-03-19,GFS,GlobalFoundries,Compute,-0.23,1.08,-1.31,Laggard,3
2025-03-18,DOCU,DocuSign,Application,1.89,-1.07,2.96,Leader,1
2025-03-18,INTC,Intel,Compute,0.9,-1.07,1.96,Leader,2
2025-03-18,HPE,Hewlett Packard Enterprise,Compute,0.57,-1.07,1.63,Leader,3
2025-03-18,SMCI,Super Micro Computer,Compute,-9.63,-1.07,-8.57,Laggard,1
2025-03-18,PLTR,Palantir,Platform,-3.96,-1.07,-2.9,Laggard,2
2025-03-18,GTLB,GitLab,Platform,-3.95,-1.07,-2.88,Laggard,3
2025-03-17,INTC,Intel,Compute,6.82,0.64,6.18,Leader,1
2025-03-17,MDB,MongoDB,Platform,4.14,0.64,3.5,Leader,2
2025-03-17,DUOL,Duolingo,Application,3.75,0.64,3.11,Leader,3
2025-03-17,DOCU,DocuSign,Application,-2.72,0.64,-3.36,Laggard,1
2025-03-17,NVDA,NVIDIA,Compute,-1.76,0.64,-2.4,Laggard,2
2025-03-17,AMZN,Amazon,Platform,-1.12,0.64,-1.76,Laggard,3
2025-03-14,DOCU,DocuSign,Application,14.81,2.13,12.68,Leader,1
2025-03-14,PATH,UiPath,Application,9.13,2.13,7.0,Leader,2
2025-03-14,PLTR,Palantir,Platform,8.31,2.13,6.19,Leader,3
2025-03-14,MRVL,Marvell Technology,Compute,-0.03,2.13,-2.16,Laggard,1
2025-03-14,MDB,MongoDB,Platform,0.15,2.13,-1.98,Laggard,2
2025-03-14,IBM,IBM,Platform,1.04,2.13,-1.09,Laggard,3
2025-03-13,INTC,Intel,Compute,14.6,-1.39,15.99,Leader,1
2025-03-13,CDNS,Cadence Design Systems,Compute,0.98,-1.39,2.37,Leader,2
2025-03-13,NVDA,NVIDIA,Compute,-0.14,-1.39,1.25,Leader,3
2025-03-13,PATH,UiPath,Application,-15.72,-1.39,-14.33,Laggard,1
2025-03-13,ADBE,Adobe,Application,-13.85,-1.39,-12.46,Laggard,2
2025-03-13,TEAM,Atlassian,Platform,-8.14,-1.39,-6.75,Laggard,3
2025-03-12,MU,Micron,Compute,7.4,0.49,6.91,Leader,1
2025-03-12,PLTR,Palantir,Platform,7.17,0.49,6.69,Leader,2
2025-03-12,NVDA,NVIDIA,Compute,6.43,0.49,5.94,Leader,3
2025-03-12,HPE,Hewlett Packard Enterprise,Compute,-1.63,0.49,-2.12,Laggard,1
2025-03-12,AKAM,Akamai Technologies,Platform,-1.23,0.49,-1.72,Laggard,2
2025-03-12,GFS,GlobalFoundries,Compute,-1.05,0.49,-1.54,Laggard,3
2025-03-11,SMCI,Super Micro Computer,Compute,10.68,-0.76,11.43,Leader,1
2025-03-11,MDB,MongoDB,Platform,8.53,-0.76,9.29,Leader,2
2025-03-11,CRWD,CrowdStrike,Application,6.76,-0.76,7.52,Leader,3
2025-03-11,GFS,GlobalFoundries,Compute,-6.28,-0.76,-5.52,Laggard,1
2025-03-11,AKAM,Akamai Technologies,Platform,-4.16,-0.76,-3.4,Laggard,2
2025-03-11,ORCL,Oracle,Platform,-3.1,-0.76,-2.34,Laggard,3
2025-03-10,GFS,GlobalFoundries,Compute,-0.64,-2.7,2.06,Leader,1
2025-03-10,DELL,Dell Technologies,Compute,-1.22,-2.7,1.47,Leader,2
2025-03-10,PATH,UiPath,Application,-1.62,-2.7,1.07,Leader,3
2025-03-10,U,Unity Software,Application,-11.08,-2.7,-8.38,Laggard,1
2025-03-10,PLTR,Palantir,Platform,-10.05,-2.7,-7.35,Laggard,2
2025-03-10,TEAM,Atlassian,Platform,-9.62,-2.7,-6.92,Laggard,3
2025-03-07,AVGO,Broadcom,Compute,8.64,0.55,8.09,Leader,1
2025-03-07,DUOL,Duolingo,Application,8.36,0.55,7.8,Leader,2
2025-03-07,AKAM,Akamai Technologies,Platform,5.69,0.55,5.14,Leader,3
2025-03-07,HPE,Hewlett Packard Enterprise,Compute,-11.97,0.55,-12.52,Laggard,1
2025-03-07,CFLT,Confluent,Platform,-7.12,0.55,-7.67,Laggard,2
2025-03-07,TEAM,Atlassian,Platform,-4.71,0.55,-5.26,Laggard,3
2025-03-06,ZS,Zscaler,Application,2.91,-1.78,4.69,Leader,1
2025-03-06,GFS,GlobalFoundries,Compute,0.39,-1.78,2.17,Leader,2
2025-03-06,AKAM,Akamai Technologies,Platform,-0.01,-1.78,1.77,Leader,3
2025-03-06,MDB,MongoDB,Platform,-26.94,-1.78,-25.16,Laggard,1
2025-03-06,MRVL,Marvell Technology,Compute,-19.81,-1.78,-18.03,Laggard,2
2025-03-06,SNOW,Snowflake,Platform,-11.89,-1.78,-10.11,Laggard,3
2025-03-05,CFLT,Confluent,Platform,7.98,1.12,6.87,Leader,1
2025-03-05,OKTA,Okta,Platform,7.39,1.12,6.27,Leader,2
2025-03-05,PLTR,Palantir,Platform,6.79,1.12,5.67,Leader,3
2025-03-05,CRWD,CrowdStrike,Application,-6.34,1.12,-7.45,Laggard,1
2025-03-05,INTC,Intel,Compute,-2.44,1.12,-3.55,Laggard,2
2025-03-05,GTLB,GitLab,Platform,-1.61,1.12,-2.72,Laggard,3
2025-03-04,OKTA,Okta,Platform,24.27,-1.22,25.49,Leader,1
2025-03-04,GTLB,GitLab,Platform,11.64,-1.22,12.87,Leader,2
2025-03-04,SMCI,Super Micro Computer,Compute,8.51,-1.22,9.73,Leader,3
2025-03-04,INTC,Intel,Compute,-6.2,-1.22,-4.98,Laggard,1
2025-03-04,SHOP,Shopify,Application,-4.55,-1.22,-3.33,Laggard,2
2025-03-04,HUBS,HubSpot,Application,-2.9,-1.22,-1.67,Laggard,3
2025-03-03,ZM,Zoom,Application,0.83,-1.76,2.59,Leader,1
2025-03-03,ADBE,Adobe,Application,0.49,-1.76,2.25,Leader,2
2025-03-03,AKAM,Akamai Technologies,Platform,0.4,-1.76,2.16,Leader,3
2025-03-03,SMCI,Super Micro Computer,Compute,-13.0,-1.76,-11.24,Laggard,1
2025-03-03,NVDA,NVIDIA,Compute,-8.69,-1.76,-6.93,Laggard,2
2025-03-03,ESTC,Elastic,Platform,-7.92,-1.76,-6.16,Laggard,3
2025-02-28,ESTC,Elastic,Platform,14.89,1.59,13.3,Leader,1
2025-02-28,MRVL,Marvell Technology,Compute,4.76,1.59,3.17,Leader,2
2025-02-28,NVDA,NVIDIA,Compute,3.97,1.59,2.38,Leader,3
2025-02-28,DUOL,Duolingo,Application,-16.95,1.59,-18.54,Laggard,1
2025-02-28,DELL,Dell Technologies,Compute,-4.7,1.59,-6.29,Laggard,2
2025-02-28,SMCI,Super Micro Computer,Compute,-3.47,1.59,-5.05,Laggard,3
2025-02-27,SNOW,Snowflake,Platform,4.51,-1.59,6.1,Leader,1
2025-02-27,CFLT,Confluent,Platform,2.92,-1.59,4.51,Leader,2
2025-02-27,DDOG,Datadog,Platform,0.14,-1.59,1.73,Leader,3
2025-02-27,SMCI,Super Micro Computer,Compute,-15.97,-1.59,-14.38,Laggard,1
2025-02-27,NVDA,NVIDIA,Compute,-8.48,-1.59,-6.89,Laggard,2
2025-02-27,MRVL,Marvell Technology,Compute,-7.64,-1.59,-6.05,Laggard,3
2025-02-26,INTU,Intuit,Application,12.58,0.01,12.56,Leader,1
2025-02-26,SMCI,Super Micro Computer,Compute,12.23,0.01,12.22,Leader,2
2025-02-26,WDAY,Workday,Application,6.22,0.01,6.2,Leader,3
2025-02-26,GOOGL,Alphabet,Platform,-1.53,0.01,-1.55,Laggard,1
2025-02-26,DDOG,Datadog,Platform,-1.4,0.01,-1.41,Laggard,2
2025-02-26,ON,ON Semiconductor,Compute,-1.31,0.01,-1.32,Laggard,3
2025-02-25,AKAM,Akamai Technologies,Platform,0.52,-0.47,0.98,Leader,1
2025-02-25,ANET,Arista Networks,Compute,0.2,-0.47,0.67,Leader,2
2025-02-25,QCOM,Qualcomm,Compute,0.07,-0.47,0.54,Leader,3
2025-02-25,SMCI,Super Micro Computer,Compute,-11.76,-0.47,-11.29,Laggard,1
2025-02-25,ZM,Zoom,Application,-8.48,-0.47,-8.02,Laggard,2
2025-02-25,U,Unity Software,Application,-5.98,-0.47,-5.51,Laggard,3
2025-02-24,TWLO,Twilio,Platform,3.25,-0.5,3.74,Leader,1
2025-02-24,WDAY,Workday,Application,2.11,-0.5,2.61,Leader,2
2025-02-24,ORCL,Oracle,Platform,1.28,-0.5,1.78,Leader,3
2025-02-24,PLTR,Palantir,Platform,-10.53,-0.5,-10.03,Laggard,1
2025-02-24,SMCI,Super Micro Computer,Compute,-7.95,-0.5,-7.46,Laggard,2
2025-02-24,ANET,Arista Networks,Compute,-5.71,-0.5,-5.21,Laggard,3
2025-02-21,U,Unity Software,Application,1.21,-1.71,2.92,Leader,1
2025-02-21,ASML,ASML,Compute,-0.79,-1.71,0.92,Leader,2
2025-02-21,TSM,TSMC,Compute,-0.93,-1.71,0.78,Leader,3
2025-02-21,AKAM,Akamai Technologies,Platform,-21.73,-1.71,-20.02,Laggard,1
2025-02-21,DUOL,Duolingo,Application,-8.64,-1.71,-6.93,Laggard,2
2025-02-21,CRWD,CrowdStrike,Application,-6.75,-1.71,-5.05,Laggard,3
2025-02-20,U,Unity Software,Application,30.41,-0.43,30.85,Leader,1
2025-02-20,INTC,Intel,Compute,1.44,-0.43,1.87,Leader,2
2025-02-20,NVDA,NVIDIA,Compute,0.63,-0.43,1.07,Leader,3
2025-02-20,PLTR,Palantir,Platform,-5.17,-0.43,-4.73,Laggard,1
2025-02-20,ZS,Zscaler,Application,-3.59,-0.43,-3.15,Laggard,2
2025-02-20,GTLB,GitLab,Platform,-3.39,-0.43,-2.96,Laggard,3
2025-02-19,SMCI,Super Micro Computer,Compute,7.97,0.24,7.74,Leader,1
2025-02-19,ON,ON Semiconductor,Compute,6.87,0.24,6.63,Leader,2
2025-02-19,MRVL,Marvell Technology,Compute,3.5,0.24,3.26,Leader,3
2025-02-19,PLTR,Palantir,Platform,-10.08,0.24,-10.32,Laggard,1
2025-02-19,CDNS,Cadence Design Systems,Compute,-8.78,0.24,-9.02,Laggard,2
2025-02-19,ANET,Arista Networks,Compute,-6.43,0.24,-6.67,Laggard,3
2025-02-18,SMCI,Super Micro Computer,Compute,16.47,0.24,16.22,Leader,1
2025-02-18,INTC,Intel,Compute,16.06,0.24,15.81,Leader,2
2025-02-18,MU,Micron,Compute,7.31,0.24,7.06,Leader,3
2025-02-18,META,Meta,Platform,-2.76,0.24,-3.0,Laggard,1
2025-02-18,ADSK,Autodesk,Application,-2.33,0.24,-2.58,Laggard,2
2025-02-18,AVGO,Broadcom,Compute,-1.94,0.24,-2.18,Laggard,3
2025-02-14,SMCI,Super Micro Computer,Compute,13.32,-0.01,13.32,Leader,1
2025-02-14,MU,Micron,Compute,4.04,-0.01,4.04,Leader,2
2025-02-14,DELL,Dell Technologies,Compute,3.74,-0.01,3.74,Leader,3
2025-02-14,TWLO,Twilio,Platform,-15.01,-0.01,-15.01,Laggard,1
2025-02-14,OKTA,Okta,Platform,-3.96,-0.01,-3.95,Laggard,2
2025-02-14,GTLB,GitLab,Platform,-3.87,-0.01,-3.86,Laggard,3
2025-02-13,DUOL,Duolingo,Application,8.09,1.04,7.05,Leader,1
2025-02-13,INTC,Intel,Compute,7.34,1.04,6.3,Leader,2
2025-02-13,PATH,UiPath,Application,7.22,1.04,6.18,Leader,3
2025-02-13,DDOG,Datadog,Platform,-8.24,1.04,-9.28,Laggard,1
2025-02-13,CFLT,Confluent,Platform,-3.77,1.04,-4.81,Laggard,2
2025-02-13,DELL,Dell Technologies,Compute,-2.36,1.04,-3.4,Laggard,3
2025-02-12,CFLT,Confluent,Platform,25.08,-0.27,25.36,Leader,1
2025-02-12,GFS,GlobalFoundries,Compute,8.6,-0.27,8.88,Leader,2
2025-02-12,INTC,Intel,Compute,7.2,-0.27,7.47,Leader,3
2025-02-12,ANET,Arista Networks,Compute,-6.16,-0.27,-5.89,Laggard,1
2025-02-12,SNPS,Synopsys,Compute,-3.67,-0.27,-3.4,Laggard,2
2025-02-12,MRVL,Marvell Technology,Compute,-3.39,-0.27,-3.12,Laggard,3
2025-02-11,GFS,GlobalFoundries,Compute,6.25,0.03,6.22,Leader,1
2025-02-11,INTC,Intel,Compute,6.07,0.03,6.04,Leader,2
2025-02-11,SHOP,Shopify,Application,3.08,0.03,3.04,Leader,3
2025-02-11,SMCI,Super Micro Computer,Compute,-9.47,0.03,-9.51,Laggard,1
2025-02-11,DUOL,Duolingo,Application,-4.43,0.03,-4.47,Laggard,2
2025-02-11,U,Unity Software,Application,-4.41,0.03,-4.45,Laggard,3
2025-02-10,SMCI,Super Micro Computer,Compute,17.56,0.67,16.89,Leader,1
2025-02-10,DELL,Dell Technologies,Compute,5.58,0.67,4.91,Leader,2
2025-02-10,PLTR,Palantir,Platform,5.23,0.67,4.56,Leader,3
2025-02-10,ON,ON Semiconductor,Compute,-8.21,0.67,-8.89,Laggard,1
2025-02-10,U,Unity Software,Application,-3.04,0.67,-3.71,Laggard,2
2025-02-10,GFS,GlobalFoundries,Compute,-1.85,0.67,-2.52,Laggard,3
2025-02-07,NET,Cloudflare,Platform,17.76,-0.95,18.71,Leader,1
2025-02-07,SMCI,Super Micro Computer,Compute,7.21,-0.95,8.16,Leader,2
2025-02-07,ANET,Arista Networks,Compute,2.78,-0.95,3.72,Leader,3
2025-02-07,MRVL,Marvell Technology,Compute,-7.23,-0.95,-6.28,Laggard,1
2025-02-07,AMZN,Amazon,Platform,-4.05,-0.95,-3.11,Laggard,2
2025-02-07,DOCU,DocuSign,Application,-3.59,-0.95,-2.64,Laggard,3
2025-02-06,PLTR,Palantir,Platform,9.79,0.36,9.42,Leader,1
2025-02-06,SMCI,Super Micro Computer,Compute,7.46,0.36,7.1,Leader,2
2025-02-06,NVDA,NVIDIA,Compute,3.08,0.36,2.72,Leader,3
2025-02-06,CRM,Salesforce,Application,-4.92,0.36,-5.28,Laggard,1
2025-02-06,GFS,GlobalFoundries,Compute,-4.88,0.36,-5.24,Laggard,2
2025-02-06,PATH,UiPath,Application,-3.97,0.36,-4.33,Laggard,3
2025-02-05,SMCI,Super Micro Computer,Compute,7.99,0.39,7.6,Leader,1
2025-02-05,WDAY,Workday,Application,6.33,0.39,5.94,Leader,2
2025-02-05,MRVL,Marvell Technology,Compute,6.17,0.39,5.78,Leader,3
2025-02-05,GOOGL,Alphabet,Platform,-7.29,0.39,-7.68,Laggard,1
2025-02-05,AMD,AMD,Compute,-6.27,0.39,-6.66,Laggard,2
2025-02-05,AMZN,Amazon,Platform,-2.43,0.39,-2.82,Laggard,3
2025-02-04,PLTR,Palantir,Platform,23.99,0.72,23.27,Leader,1
2025-02-04,SMCI,Super Micro Computer,Compute,8.6,0.72,7.88,Leader,2
2025-02-04,DUOL,Duolingo,Application,5.96,0.72,5.24,Leader,3
2025-02-04,MRVL,Marvell Technology,Compute,-3.41,0.72,-4.13,Laggard,1
2025-02-04,GFS,GlobalFoundries,Compute,-2.05,0.72,-2.78,Laggard,2
2025-02-04,INTU,Intuit,Application,-1.5,0.72,-2.23,Laggard,3
2025-02-03,IBM,IBM,Platform,1.97,-0.76,2.73,Leader,1
2025-02-03,PLTR,Palantir,Platform,1.52,-0.76,2.28,Leader,2
2025-02-03,TEAM,Atlassian,Platform,1.51,-0.76,2.27,Leader,3
2025-02-03,SMCI,Super Micro Computer,Compute,-5.86,-0.76,-5.09,Laggard,1
2025-02-03,TSM,TSMC,Compute,-4.55,-0.76,-3.79,Laggard,2
2025-02-03,ON,ON Semiconductor,Compute,-3.97,-0.76,-3.21,Laggard,3
2025-01-31,TEAM,Atlassian,Platform,14.92,-0.5,15.43,Leader,1
2025-01-31,GTLB,GitLab,Platform,4.87,-0.5,5.38,Leader,2
2025-01-31,AVGO,Broadcom,Compute,2.6,-0.5,3.11,Leader,3
2025-01-31,NVDA,NVIDIA,Compute,-3.67,-0.5,-3.17,Laggard,1
2025-01-31,U,Unity Software,Application,-3.52,-0.5,-3.02,Laggard,2
2025-01-31,INTC,Intel,Compute,-2.9,-0.5,-2.39,Laggard,3
2025-01-30,IBM,IBM,Platform,12.96,0.53,12.44,Leader,1
2025-01-30,ANET,Arista Networks,Compute,5.58,0.53,5.05,Leader,2
2025-01-30,ORCL,Oracle,Platform,5.16,0.53,4.63,Leader,3
2025-01-30,NOW,ServiceNow,Platform,-11.44,0.53,-11.97,Laggard,1
2025-01-30,MSFT,Microsoft,Platform,-6.18,0.53,-6.71,Laggard,2
2025-01-30,CRM,Salesforce,Application,-2.95,0.53,-3.47,Laggard,3
2025-01-29,ASML,ASML,Compute,4.29,-0.47,4.76,Leader,1
2025-01-29,MRVL,Marvell Technology,Compute,2.8,-0.47,3.27,Leader,2
2025-01-29,AMD,AMD,Compute,2.79,-0.47,3.25,Leader,3
2025-01-29,PATH,UiPath,Application,-5.2,-0.47,-4.73,Laggard,1
2025-01-29,NVDA,NVIDIA,Compute,-4.1,-0.47,-3.63,Laggard,2
2025-01-29,DDOG,Datadog,Platform,-4.06,-0.47,-3.59,Laggard,3
2025-01-28,GTLB,GitLab,Platform,12.34,0.92,11.42,Leader,1
2025-01-28,ESTC,Elastic,Platform,11.75,0.92,10.83,Leader,2
2025-01-28,NET,Cloudflare,Platform,10.68,0.92,9.76,Leader,3
2025-01-28,HPE,Hewlett Packard Enterprise,Compute,-6.49,0.92,-7.41,Laggard,1
2025-01-28,MU,Micron,Compute,-3.14,0.92,-4.06,Laggard,2
2025-01-28,SMCI,Super Micro Computer,Compute,-3.06,0.92,-3.98,Laggard,3
2025-01-27,HUBS,HubSpot,Application,4.38,-1.46,5.84,Leader,1
2025-01-27,CRM,Salesforce,Application,3.96,-1.46,5.42,Leader,2
2025-01-27,WDAY,Workday,Application,2.29,-1.46,3.75,Leader,3
2025-01-27,ANET,Arista Networks,Compute,-22.35,-1.46,-20.89,Laggard,1
2025-01-27,MRVL,Marvell Technology,Compute,-19.1,-1.46,-17.64,Laggard,2
2025-01-27,AVGO,Broadcom,Compute,-17.4,-1.46,-15.94,Laggard,3
